time,sentiment_score,tweet volume,Weighted Sentiment,Volume BTC,open BTC
2021-06-01 00:00:00,0.03234467843610995,23568,762.2993813822393,2661.5581851,37435.93666666667
2021-06-01 03:00:00,0.03915905956052937,19750,773.391426320455,1382.53802691,36774.98666666667
2021-06-01 06:00:00,0.020239276561083146,23477,475.157495824549,1648.07717675,37018.51666666667
2021-06-01 09:00:00,0.006470430079751599,24964,161.5278165109189,904.63300134,36304.003333333334
2021-06-01 12:00:00,0.0854241677689737,36552,3122.4241802915267,3242.69485769,36592.829999999994
2021-06-01 15:00:00,0.050746999407550106,40993,2080.2717467137013,2220.3141404099997,36265.61
2021-06-01 18:00:00,0.06559790290045056,33467,2195.3650163693787,2053.65746798,36119.793333333335
2021-06-01 21:00:00,-0.03984656694525473,23715,-944.9613351067159,1599.62996071,36399.25666666666
2021-06-02 00:00:00,0.013595492764292076,20898,284.11860778817584,1266.4991292099999,36385.55333333334
2021-06-02 03:00:00,0.03903823874147935,19846,774.7528860633993,780.7230533300001,36468.676666666666
2021-06-02 06:00:00,0.015497104041803635,26953,417.6934452387334,1198.39161821,36923.56666666667
2021-06-02 09:00:00,0.0553036447180218,30576,1690.9642408982345,1425.35389475,37266.323333333334
2021-06-02 12:00:00,0.09392973416942847,41862,3932.086531800615,2785.4385925799997,37339.87666666667
2021-06-02 15:00:00,0.03835321946578979,40080,1537.1970361888548,2897.66991518,37936.23333333334
2021-06-02 18:00:00,-0.02974802744234932,30541,-908.5345061167906,2061.571916,37975.333333333336
2021-06-02 21:00:00,-0.05682847943417437,24168,-1373.4306909651261,1536.7107944999998,37691.78333333333
2021-06-03 00:00:00,0.03758038118370825,21363,802.8296832275594,1137.95348479,37453.86666666666
2021-06-03 03:00:00,-0.005126917625830216,19439,-99.66215172851356,1909.63768575,37674.37333333334
2021-06-03 06:00:00,-0.017329473584347697,23761,-411.7656218376856,1085.26366253,38803.433333333334
2021-06-03 09:00:00,-0.04635340142330052,27647,-1281.5324891499895,2184.06483695,39073.75000000001
2021-06-03 12:00:00,-0.008175939596924503,33475,-273.6895780070477,2863.42756185,38757.72
2021-06-03 15:00:00,0.0007969095985832,34317,27.347546694579673,1842.57524795,38696.75666666667
2021-06-03 18:00:00,-0.03433204605091571,29155,-1000.9508026144474,1802.730834,38650.693333333336
2021-06-03 21:00:00,-0.022190629403385745,23302,-517.0860463576946,1500.10275538,38788.64333333333
2021-06-04 00:00:00,0.015807762208879996,36009,569.2217093795598,3118.11031065,38621.09666666667
2021-06-04 03:00:00,0.04774875471327038,32337,1544.0514811630242,2152.2613479,37780.746666666666
2021-06-04 06:00:00,-0.014714982857113257,34061,-501.20703109613464,1654.1583462,36712.299999999996
2021-06-04 09:00:00,0.012215307945817587,36893,450.65935604504824,1375.22051674,36741.26666666666
2021-06-04 12:00:00,0.015806580121741624,48048,759.4745616894415,4420.24494716,36744.473333333335
2021-06-04 15:00:00,0.016662252944197296,45316,755.0666544192446,2283.5932581,36885.03
2021-06-04 18:00:00,0.005606588165676892,36342,203.75462711702963,1581.74663736,37022.73333333334
2021-06-04 21:00:00,0.002907889183603872,29779,86.5940319985397,1332.29714741,37137.62333333333
2021-06-05 00:00:00,0.08052197042115114,26599,2141.803891232199,1634.6593149500002,37420.95
2021-06-05 03:00:00,0.09894486661977724,25290,2502.315676814166,563.71995067,37599.02
2021-06-05 06:00:00,0.017312554790551583,28654,496.07394496846507,681.02400845,37642.71666666667
2021-06-05 09:00:00,-0.009153960596281575,32188,-294.6476836731114,2421.85413165,36878.27333333334
2021-06-05 12:00:00,-0.016227839680172038,38570,-625.9077764642354,2440.87775314,35906.79666666667
2021-06-05 15:00:00,-0.022508809515219826,40174,-904.2689134644413,1629.32977571,36024.11
2021-06-05 18:00:00,-0.049255565239036195,41443,-2041.298390201377,1464.9101528,35960.62666666667
2021-06-05 21:00:00,-0.07232575183479648,45985,-3325.8996981231157,2818.31524644,35312.37
2021-06-06 00:00:00,-0.039449913993465056,32022,-1263.265145898738,1462.5113762,35794.829999999994
2021-06-06 03:00:00,-0.05725167481704903,33161,-1898.5227886081627,855.3922533,36092.043333333335
2021-06-06 06:00:00,0.005304356308278314,32961,174.8368882771615,821.51668681,36090.54
2021-06-06 09:00:00,-0.02543186552821271,32795,-834.0380299977359,645.8470655699999,36187.48
2021-06-06 12:00:00,-0.03673376410054389,41759,-1533.9652550746123,1160.37870688,35808.39333333333
2021-06-06 15:00:00,-0.021900451679222128,44309,-970.3871134546532,838.79635932,36177.48333333334
2021-06-06 18:00:00,-0.07388260423822687,46171,-3411.233720283173,912.6218564000001,35901.329999999994
2021-06-06 21:00:00,-0.038661989759768804,32463,-1255.0841735713748,1487.4389387,35826.76
2021-06-07 00:00:00,0.010833281831757339,26317,285.0994779663579,1740.91737424,36266.49333333334
2021-06-07 03:00:00,0.01631475427069032,26410,430.8726602889314,1009.7803105,36440.073333333334
2021-06-07 06:00:00,0.08491772614109877,30963,2629.3075545068414,951.12785408,36186.89333333333
2021-06-07 09:00:00,0.10008702318429052,34128,3415.769927233467,1049.8820589700001,36315.73333333333
2021-06-07 12:00:00,0.01448583306422113,45762,662.9006926848873,3080.74795419,36443.753333333334
2021-06-07 15:00:00,-0.014093520827501694,43239,-609.3897470603457,1968.2678254799998,35963.09666666667
2021-06-07 18:00:00,-0.04152315602492705,44580,-1851.1022955912479,3917.67766327,35617.09
2021-06-07 21:00:00,-0.07090219352735207,40209,-2850.906299541299,5279.31522914,34257.59666666666
2021-06-08 00:00:00,-0.020850434773221887,32025,-667.7351736124309,5656.87024685,33688.926666666666
2021-06-08 03:00:00,0.025596089033275267,30269,774.768018948209,3864.10878539,32819.380000000005
2021-06-08 06:00:00,-0.03352799720309754,31446,-1054.3214000486053,2360.80995516,32842.35666666667
2021-06-08 09:00:00,-0.06507734587020786,28906,-1881.1257597242284,1996.2420318700001,32863.840000000004
2021-06-08 12:00:00,0.04011390983775901,49081,1968.83080874705,6707.17542505,32808.18
2021-06-08 15:00:00,-0.046574577516606215,49921,-2325.049484206499,6980.52301248,31896.436666666665
2021-06-08 18:00:00,-0.10506679627574551,40751,-4281.577015032905,4889.12336075,32627.753333333338
2021-06-08 21:00:00,-0.08133330477302603,29486,-2398.1938245374454,2482.7047316,33532.57666666667
2021-06-09 00:00:00,-0.01232533882575113,25839,-318.47442991858344,3162.60765009,32952.816666666666
2021-06-09 03:00:00,-0.05002388208333163,32932,-1647.3864847682773,2604.99721536,32925.823333333334
2021-06-09 06:00:00,-0.023902956075993565,41576,-993.7893018155085,2645.59899549,33988.62
2021-06-09 09:00:00,-0.016489962206382096,33733,-556.2558951078872,1933.2915208499999,34203.22666666667
2021-06-09 12:00:00,-0.010043659000703186,48576,-487.88077961815793,3699.05425048,35019.21666666667
2021-06-09 15:00:00,-0.007179465502560386,55675,-399.71674185504946,6746.413658519999,35869.30333333334
2021-06-09 18:00:00,-0.03139600029591383,46511,-1460.259369763248,2654.0358928,36260.97666666667
2021-06-09 21:00:00,-0.04251435309680492,38950,-1655.9340531205517,2594.89874895,36735.58000000001
2021-06-10 00:00:00,-0.038908746980023924,36189,-1408.0686444600858,2143.74532382,37096.213333333326
2021-06-10 03:00:00,0.047498985515582,30756,1460.87879851724,1564.14481622,36973.44333333333
2021-06-10 06:00:00,0.07218848676555856,29283,2113.8954579558513,1124.71772457,36862.37
2021-06-10 09:00:00,0.01955096565450205,34487,674.2541525268122,3341.36628018,37230.55
2021-06-10 12:00:00,0.03916546203969296,56851,2226.5956824185846,3569.35503668,37842.41333333333
2021-06-10 15:00:00,0.03451017460260563,49283,1700.7649349402132,3655.16998511,36924.670000000006
2021-06-10 18:00:00,-0.044256379495910596,37153,-1644.2572674115663,3062.957829,36655.33666666667
2021-06-10 21:00:00,-0.015161853908162435,28072,-425.62356290993586,1392.3571935300001,36681.920000000006
2021-06-11 00:00:00,0.01175575245535841,26153,307.4481939649885,1953.1674664700001,36479.88
2021-06-11 03:00:00,0.07085553232118683,23863,1690.8255677804812,1389.68567594,36729.33666666667
2021-06-11 06:00:00,0.0628580302748709,25248,1587.0395483799405,1039.5992645400001,36899.40333333333
2021-06-11 09:00:00,0.050785075211438505,29956,1521.3177130338518,1347.1484206999999,37200.40666666667
2021-06-11 12:00:00,0.009761598822140801,35777,349.24072105973147,2159.2664154000004,37396.59666666667
2021-06-11 15:00:00,-0.0037341933476275745,39419,-147.19816757013135,2352.84840141,36911.363333333335
2021-06-11 18:00:00,-0.034081562882158016,32217,-1098.0057113744847,1907.7534726,37119.44666666666
2021-06-11 21:00:00,-0.05270043123941758,25991,-1369.7369083437025,1992.72438255,37137.079999999994
2021-06-12 00:00:00,-0.051589971277156255,21775,-1123.3716245600774,3006.95017536,36882.03666666667
2021-06-12 03:00:00,-0.02144482424939872,20118,-431.4269742494035,2537.43032716,35461.756666666675
2021-06-12 06:00:00,0.012357039578296248,20322,251.11975831013635,1534.83142065,35270.31
2021-06-12 09:00:00,0.0012056217937166942,21629,26.076393776298378,2491.02982512,35374.41333333334
2021-06-12 12:00:00,0.14722868573370307,39513,5817.447059395809,1896.29968737,35906.22666666667
2021-06-12 15:00:00,0.07937448264974732,33778,2681.111274943165,1255.786433,35542.85666666667
2021-06-12 18:00:00,-0.026559932525407153,27258,-723.9706407775482,958.21639794,35801.71
2021-06-12 21:00:00,0.04870617492446918,24850,1210.3484468730592,836.00129619,35845.29
2021-06-13 00:00:00,0.06286049841559821,22005,1383.2452676352386,905.63095269,35698.96666666667
2021-06-13 03:00:00,0.1114520727347893,22776,2538.4324086075612,1598.00044086,35179.206666666665
2021-06-13 06:00:00,0.08984611148373398,22482,2019.9202783773073,889.95519055,35214.81
2021-06-13 09:00:00,0.042115039896960485,22962,967.0455461140067,713.87109712,35821.44
2021-06-13 12:00:00,0.04485119069104991,29984,1344.8181016804406,929.6525469899999,35902.176666666666
2021-06-13 15:00:00,0.01042959146420884,37700,393.19559820067326,2514.2866569999996,36287.26333333333
2021-06-13 18:00:00,-0.010644049020403827,44749,-476.31054961405084,5105.338848949999,37496.96666666667
2021-06-13 21:00:00,-0.02433359543310899,33196,-807.778033997486,3092.22630535,39011.763333333336
2021-06-14 00:00:00,0.009124704526405741,24898,227.18689329845014,2936.8793023099997,39114.93
2021-06-14 03:00:00,0.03239248349219341,23296,754.6152954341377,1369.10470919,39088.85999999999
2021-06-14 06:00:00,0.11848350913556917,31031,3676.661771985847,1590.6282018299999,39533.03333333333
2021-06-14 09:00:00,0.08768310538325394,34501,3025.1548188276442,1352.87998892,39150.043333333335
2021-06-14 12:00:00,0.06049286234371589,49413,2989.1338069900335,6018.89242807,39772.049999999996
2021-06-14 15:00:00,0.039049558659880544,44386,1733.2537106774578,3613.00836952,40471.70333333333
2021-06-14 18:00:00,-0.020803468435998312,36677,-763.0088118271101,2836.29074051,39900.16333333333
2021-06-14 21:00:00,-0.0138305155105998,28850,-399.0103724808042,2199.16041921,40111.81333333333
2021-06-15 00:00:00,0.036457989618422205,29441,1073.359672355968,1949.57077168,40287.46
2021-06-15 03:00:00,0.05802340534951375,26779,1553.8087718546287,1201.28796203,40414.29
2021-06-15 06:00:00,0.03400094082741213,24960,848.6634830522069,1104.90293232,40345.719999999994
2021-06-15 09:00:00,0.07942803653323341,28160,2236.693508775853,1387.31889335,39950.39666666667
2021-06-15 12:00:00,0.0705125785293021,38362,2705.003537541087,2768.86179816,40190.40666666667
2021-06-15 15:00:00,0.0488917046309725,37504,1833.6344904799926,2712.1451622000004,40084.43333333334
2021-06-15 18:00:00,-0.032821598353511915,36066,-1183.7437662177608,4731.04041184,40416.83
2021-06-15 21:00:00,-0.0881115111803385,25664,-2261.293822932207,1165.5750629899999,40027.85666666667
2021-06-16 00:00:00,-0.022454370018898943,22420,-503.4269758237143,1175.1127118099998,40047.95333333333
2021-06-16 03:00:00,0.058246821287576335,21365,1244.4433368090683,1329.77155315,40115.63333333333
2021-06-16 06:00:00,0.04475926034916912,22083,988.4187462907016,945.7777646500001,40261.47666666667
2021-06-16 09:00:00,0.09701152604765222,26815,2601.3640709677943,1697.72717488,39928.409999999996
2021-06-16 12:00:00,0.1125508082205496,35739,4022.453334994222,2639.67744283,39138.27333333334
2021-06-16 15:00:00,0.03919168024613822,38959,1526.8686707092988,2867.47728831,38768.45333333334
2021-06-16 18:00:00,-0.01571467588965728,36431,-572.5013573361043,4495.34350273,38856.12333333333
2021-06-16 21:00:00,-0.012504271063630742,25912,-324.0106718007998,2087.68797347,38621.91
2021-06-17 00:00:00,0.07108036421562988,23222,1650.6282178153572,1747.1347849599997,38551.276666666665
2021-06-17 03:00:00,0.12918163345072892,23529,3039.514653462201,1617.87426069,38801.64666666667
2021-06-17 06:00:00,0.10851900934447478,25401,2756.491356359004,1349.48618983,39057.886666666665
2021-06-17 09:00:00,-0.04352839305194667,31871,-1387.2934149585922,947.4489030300001,39347.713333333326
2021-06-17 12:00:00,0.008111107959376775,41519,336.76509136536436,1938.72388387,38890.85
2021-06-17 15:00:00,0.07533785575055656,50676,3817.821178015204,3256.73850306,38808.713333333326
2021-06-17 18:00:00,-0.023013585131834352,39059,-898.887621664318,3040.73094958,37717.42333333333
2021-06-17 21:00:00,0.03543690779584607,29293,1038.0533400637191,2072.21284149,37823.08666666666
2021-06-18 00:00:00,-0.006261592303108258,25853,-161.8809458122578,2185.0786772700003,37819.416666666664
2021-06-18 03:00:00,0.04767302432976268,23498,1120.2207257007633,1591.2397636700002,37886.479999999996
2021-06-18 06:00:00,0.02608036326903697,23944,624.4682181138212,1474.4891768100001,37604.60333333333
2021-06-18 09:00:00,-0.012315874369797484,25954,-319.6462033937239,2026.6529456,37756.433333333334
2021-06-18 12:00:00,-0.010983134036112932,33736,-370.5270098423059,3670.4905053,37489.02333333333
2021-06-18 15:00:00,0.06709105099003147,39072,2621.38154428251,3848.58787357,36556.95333333333
2021-06-18 18:00:00,-0.005576302049883618,33608,-187.40835929248863,5958.95147385,35625.926666666666
2021-06-18 21:00:00,0.0035091241346272358,23819,83.58382776268613,2716.8868276800004,35609.200000000004
2021-06-19 00:00:00,0.05578262095617037,21944,1224.0938342622026,2143.06864929,35917.346666666665
2021-06-19 03:00:00,0.04761453855147921,20164,960.0995553520268,3154.09179515,35289.223333333335
2021-06-19 06:00:00,0.01717758151593142,20448,351.2471868377657,1551.3154074999998,35714.45333333333
2021-06-19 09:00:00,0.006327236092593431,22407,141.77437912674102,2016.69069637,35732.049999999996
2021-06-19 12:00:00,0.07349342990854106,33434,2457.1793355621617,2449.84858945,35828.04
2021-06-19 15:00:00,0.03101463511989107,32485,1007.5104218696615,1957.8400004999999,36097.583333333336
2021-06-19 18:00:00,-0.06064671071042907,26723,-1620.662050314796,2034.5430973399998,35750.98333333333
2021-06-19 21:00:00,-0.028208784691276537,19556,-551.650993422604,1493.68847082,35839.65
2021-06-20 00:00:00,0.019767990801734574,17200,340.0094417898347,1582.79210479,35500.57
2021-06-20 03:00:00,0.08397635960578739,17063,1432.8886239535502,1155.26458092,35645.84666666667
2021-06-20 06:00:00,0.08837611847885268,18390,1625.236818826101,1294.80438828,35617.93333333333
2021-06-20 09:00:00,0.08620421519918715,24919,2148.1228385485447,4256.623057180001,34792.926666666666
2021-06-20 12:00:00,-0.010532492529260603,29776,-313.61549755126373,3596.72629745,33901.26333333333
2021-06-20 15:00:00,-0.015989721300417026,31483,-503.4043957010292,2513.67237183,34438.333333333336
2021-06-20 18:00:00,-0.0630346002229293,28368,-1788.1655391240583,3087.6482061,35001.6
2021-06-20 21:00:00,-0.09382846088477322,21755,-2041.2381665482412,1912.54353552,35660.56333333333
2021-06-21 00:00:00,-0.14873773808869564,22604,-3362.0678317568763,2151.79878051,35473.01666666666
2021-06-21 03:00:00,-0.11830789955940048,23852,-2821.88002029082,3121.8648657999997,34659.73333333334
2021-06-21 06:00:00,-0.06078578972830051,26939,-1637.5083894906875,6111.76883711,33422.68333333333
2021-06-21 09:00:00,-0.05813865144398523,33459,-1945.2611386643018,8290.16651762,32799.193333333336
2021-06-21 12:00:00,-0.03906739094491781,44574,-1741.3898839787664,6601.683461590001,32656.86333333333
2021-06-21 15:00:00,-0.044779835459679694,43983,-1969.551503023092,5291.33198705,32586.823333333334
2021-06-21 18:00:00,-0.09177111068588165,35402,-3248.880860501582,3721.94162178,32552.433333333334
2021-06-21 21:00:00,-0.10473391656640282,31506,-3299.7467753410874,6013.8429637300005,31790.286666666667
2021-06-22 00:00:00,-0.023849498461446537,28488,-679.4245121696889,5144.21067461,32008.649999999998
2021-06-22 03:00:00,0.0020355022905205276,21089,42.926707804787405,2307.80696964,32954.39333333333
2021-06-22 06:00:00,0.03038961730097596,25148,764.2380958849434,2144.10673739,32676.016666666666
2021-06-22 09:00:00,-0.06414249873522136,27458,-1761.2247302717083,2974.32801941,31696.39333333333
2021-06-22 12:00:00,-0.06276165925371457,57499,-3608.7326454293343,18872.043766299998,30102.149999999998
2021-06-22 15:00:00,-0.041369356832347354,45100,-1865.7579931388657,9514.30002397,31614.773333333334
2021-06-22 18:00:00,-0.03911344471799594,35111,-1373.3121574935553,5237.90518845,32742.389999999996
2021-06-22 21:00:00,-0.07977399860236069,25458,-2030.8864564188984,2214.4719551,32662.930000000004
2021-06-23 00:00:00,-0.060645722006537096,25832,-1566.6002908728663,5912.61022011,33414.43666666667
2021-06-23 03:00:00,-0.010835820020254782,23049,-249.75481564685245,2159.2739189,33878.68
2021-06-23 06:00:00,0.035443410515428646,24151,855.9938073581172,1630.93393321,34077.44666666667
2021-06-23 09:00:00,0.014159563753352904,25594,362.39987470331425,1731.8958988600002,33978.193333333336
2021-06-23 12:00:00,0.021037595021976233,35428,745.319916438574,4280.64406331,34059.03666666666
2021-06-23 15:00:00,0.053114023899901705,36257,1925.7551645387362,2931.88541529,33768.28333333333
2021-06-23 18:00:00,-0.0294657925139015,33071,-974.4632242272364,2761.86683471,33263.44333333333
2021-06-23 21:00:00,-0.01920359953764019,23739,-455.8742494240405,1715.70219855,33296.89333333333
2021-06-24 00:00:00,0.046400210686979,21949,1018.438224368502,2651.28925947,33179.05333333334
2021-06-24 03:00:00,0.07340383407326144,22941,1683.9573574746908,1537.2506556699998,32549.809999999998
2021-06-24 06:00:00,0.006992243632056278,23272,162.7234938052137,1074.98198317,32945.21333333333
2021-06-24 09:00:00,0.007229220402668722,22772,164.62380700957215,924.6589105200001,33297.93666666667
2021-06-24 12:00:00,0.0004305560561664217,28810,12.404319978154609,2196.29482379,34002.27
2021-06-24 15:00:00,-0.008726593347223657,34933,-304.846085398564,4455.57927236,34160.19333333333
2021-06-24 18:00:00,-0.024950034074189272,32802,-818.4110177015565,2515.92413877,34913.82
2021-06-24 21:00:00,-0.06457607991945352,24016,-1550.8591353455959,1512.96180372,34797.44
2021-06-25 00:00:00,-0.04772051653999355,25177,-1201.4594449274175,2554.71273243,34686.280000000006
2021-06-25 03:00:00,-0.0076169401577812395,24670,-187.90991369246316,1367.9347193400001,35002.223333333335
2021-06-25 06:00:00,-0.05177485475957263,23614,-1222.611420292548,2134.64940359,34393.52333333334
2021-06-25 09:00:00,-0.06074514394318205,24704,-1500.6480359723694,2464.59731922,33926.88333333333
2021-06-25 12:00:00,-0.04980084534438454,32183,-1602.7406057183275,4740.407160229999,33134.049999999996
2021-06-25 15:00:00,-0.05329391775063816,38423,-2047.71220173277,6070.60470072,32437.77666666667
2021-06-25 18:00:00,-0.05174992950507877,32767,-1695.689940092916,4157.7402643099995,32005.793333333335
2021-06-25 21:00:00,-0.09977142878581205,22988,-2293.5456049282475,3014.5463699399997,31806.64
2021-06-26 00:00:00,-0.03677247527981223,18997,-698.5667128905928,1858.33915711,31858.87
2021-06-26 03:00:00,-0.004541155230190839,17956,-81.54098331330671,1136.43862833,32099.070000000003
2021-06-26 06:00:00,0.049504141664884545,22669,1122.2093874012678,3033.11916433,31563.756666666664
2021-06-26 09:00:00,0.06912823463711718,24400,1686.728925145659,2305.78899314,30866.303333333333
2021-06-26 12:00:00,0.06265666476969532,31804,1992.73256633539,2604.42463591,31300.13666666667
2021-06-26 15:00:00,0.0013080986220584115,33342,43.614624256671554,3300.01009185,31347.643333333337
2021-06-26 18:00:00,-0.02121891562697382,25756,-546.5143908883377,1874.8003487199999,31612.456666666665
2021-06-26 21:00:00,-0.060620141000927115,19279,-1168.695698356874,2186.46601003,31497.00333333333
2021-06-27 00:00:00,-0.0654031061959987,18403,-1203.6133633249642,2971.4744081000003,32505.399999999998
2021-06-27 03:00:00,-0.005276765164287832,15939,-84.10635995358375,1342.03679043,33140.39333333333
2021-06-27 06:00:00,-0.036144474476967475,17224,-622.5524283912878,1130.69852731,33109.119999999995
2021-06-27 09:00:00,-0.014112377536409232,18088,-255.2646848785702,1446.6030824499999,32768.503333333334
2021-06-27 12:00:00,-0.025662825168191898,27013,-693.2298962683677,1396.4768390499999,33230.793333333335
2021-06-27 15:00:00,-0.02249721260750628,29458,-662.7228889919201,1263.10883358,33163.4
2021-06-27 18:00:00,-0.013097356125350854,25209,-330.1712505639697,1205.36304904,32863.969999999994
2021-06-27 21:00:00,-0.042324308778794714,23963,-1014.2174112662577,3673.1682592899997,33308.81666666667
2021-06-28 00:00:00,-0.013817248875108944,19941,-275.52975981854746,2553.04872454,34507.806666666664
2021-06-28 03:00:00,0.11004474180843753,22685,2496.3649679244054,846.19590221,34389.06333333333
2021-06-28 06:00:00,0.15313254719198913,28022,4291.080237413919,1964.80382675,34696.840000000004
2021-06-28 09:00:00,0.05176399988527267,26013,1346.536929015598,1533.63483233,34501.486666666664
2021-06-28 12:00:00,0.05256994647702332,33439,1757.886440245183,1942.55666749,34278.80666666667
2021-06-28 15:00:00,0.05214923871572957,37181,1938.9608446895413,2967.0411862399997,34662.57
2021-06-28 18:00:00,0.018155428176657346,30421,552.3062805620931,1748.2166628300001,34283.49
2021-06-28 21:00:00,-0.030074434015043814,23613,-710.1476103972295,1364.76698591,34584.47
2021-06-29 00:00:00,-0.022622474887152386,21604,-488.73594746204014,2062.85391556,34682.56666666667
2021-06-29 03:00:00,0.056029484052299496,18870,1057.2763640668916,981.49456129,34589.40666666667
2021-06-29 06:00:00,0.032088607117243546,21755,698.0876478356333,1636.1324873400001,34977.52
2021-06-29 09:00:00,0.016933431837395103,27510,465.8387098467393,1769.71852817,35319.236666666664
2021-06-29 12:00:00,0.02167522251675353,38122,826.302832783678,4383.37807251,35911.64333333333
2021-06-29 15:00:00,0.010245158239178995,35609,364.8198397389248,2856.31527519,36292.026666666665
2021-06-29 18:00:00,-0.06106108604600572,30990,-1892.2830565657173,2400.47196515,36357.81333333333
2021-06-29 21:00:00,-0.09550276104396543,23425,-2237.15217745489,1827.23345737,36104.43
2021-06-30 00:00:00,-0.022662148151961617,20116,-455.8717722248599,1544.70331603,35871.25666666666
2021-06-30 03:00:00,-0.037965907802633835,19444,-738.2091113144123,2630.32207973,35227.613333333335
2021-06-30 06:00:00,-0.0013320887568349627,20424,-27.206580769597277,1375.06438067,35020.01333333333
2021-06-30 09:00:00,-0.01457316365557497,23110,-336.78581208033756,1771.0262312200002,34664.573333333334
2021-06-30 12:00:00,-0.02253694033653447,31636,-712.9786444866045,1976.47138623,34756.793333333335
2021-06-30 15:00:00,0.023232364783066024,38226,888.0803761974818,3006.54353363,34307.14666666667
2021-06-30 18:00:00,-0.029299390882187408,32122,-941.1550339176239,3174.21721668,34773.48
2021-06-30 21:00:00,-0.034508403198788444,24830,-856.8436514259171,1222.37494977,34772.53
2021-07-01 00:00:00,-0.06697430286925622,20977,-1404.9199512883877,1532.3820162099998,34913.676666666666
2021-07-01 03:00:00,-0.01812108790115389,18632,-337.63210977429924,799.58634767,34261.5
2021-07-01 06:00:00,-0.01945861025027097,21202,-412.5614545262451,1784.97440528,33742.200000000004
2021-07-01 09:00:00,-0.004227576393141911,25459,-107.62986739299991,1459.32769222,33306.96
2021-07-01 12:00:00,-0.026968391829299495,29478,-794.9742543440905,2079.63886875,33593.51
2021-07-01 15:00:00,0.0038456863503095536,36938,142.0519624077343,1738.9037386500002,33274.799999999996
2021-07-01 18:00:00,-0.011348646776976744,31944,-362.5211726437451,2540.57471425,33313.90666666667
2021-07-01 21:00:00,-0.026302163760505284,24554,-645.8233289754468,1275.56319027,33499.456666666665
2021-07-02 00:00:00,-0.0046426065577279355,21617,-100.35922595840478,1389.25882915,33525.81
2021-07-02 03:00:00,0.013545927734966528,19228,260.4610984879364,1158.04136434,33116.573333333334
2021-07-02 06:00:00,0.06705316206429304,23193,1555.1639877571486,1067.77243741,33059.15333333333
2021-07-02 09:00:00,0.08910385300239036,26863,2393.5968032032124,1191.6600611200001,33112.43
2021-07-02 12:00:00,0.03428112568375264,34001,1165.5925543732735,2712.3766154699997,33248.23
2021-07-02 15:00:00,0.016331704016799932,32601,532.4298826516946,2025.62405215,33660.176666666666
2021-07-02 18:00:00,-0.037858240474507907,30116,-1140.1387701302801,1255.87676025,33369.91333333334
2021-07-02 21:00:00,-0.0765469323443396,23144,-1771.6022021773956,965.04377847,33440.49333333333
2021-07-03 00:00:00,-0.039302388525706895,17687,-695.1413458541779,798.22767127,33679.47
2021-07-03 03:00:00,0.015138576149927781,15547,235.3594434029272,458.21810058,33573.47
2021-07-03 06:00:00,0.017541838812505043,18593,326.15540904090625,1148.85358659,33969.49333333334
2021-07-03 09:00:00,0.09392928864429331,23087,2168.5454869307996,681.82324898,34592.71333333333
2021-07-03 12:00:00,0.09436923509017657,32084,3027.742538633225,836.20367147,34631.69
2021-07-03 15:00:00,0.05840967476587131,30309,1770.3388324787936,817.3842143300001,34620.486666666664
2021-07-03 18:00:00,0.018917784359699867,23217,439.21419947915183,553.50390087,34728.51
2021-07-03 21:00:00,-0.006051313084067261,19082,-115.47115627017148,903.58673513,34624.32666666667
2021-07-04 00:00:00,-0.001823768386342408,16571,-30.221665930080043,544.0599977300001,34551.59
2021-07-04 03:00:00,0.046188103970772755,15172,700.7659134445643,747.31001955,34679.426666666666
2021-07-04 06:00:00,-0.012276913772001944,19979,-245.28046025082682,950.36044514,35400.746666666666
2021-07-04 09:00:00,0.04732197688721202,18214,861.9224870236798,734.7479441199999,35539.60666666667
2021-07-04 12:00:00,0.008440956436753246,25867,218.3422201494962,622.83683558,35381.47
2021-07-04 15:00:00,0.015088164249073301,31277,471.91251321826564,836.4162978600001,35483.416666666664
2021-07-04 18:00:00,-0.05880046635237629,32181,-1892.2578076858215,447.58165708,35558.043333333335
2021-07-04 21:00:00,-0.07434591295213724,22633,-1682.6710478457223,1340.7173732699998,35600.96333333333
2021-07-05 00:00:00,0.020490762108963192,20473,419.5073726568034,1694.31424272,34898.816666666666
2021-07-05 03:00:00,0.0635127406692405,19309,1226.3675095823646,959.4581354,34335.880000000005
2021-07-05 06:00:00,0.041002103273592105,22480,921.7272815903506,578.91445537,34312.28333333333
2021-07-05 09:00:00,0.03561212987689659,23963,853.373468240073,1560.02671012,34360.200000000004
2021-07-05 12:00:00,0.019638514120091616,32392,636.1307493780076,1491.97848875,33499.420000000006
2021-07-05 15:00:00,0.03861102832118056,35391,1366.4829033149013,1303.80743661,33661.47666666666
2021-07-05 18:00:00,-0.06341462810913982,29748,-1886.4583569906915,1203.09543515,33948.50666666666
2021-07-05 21:00:00,-0.04164922351769247,18843,-784.7963187438793,816.01129479,33997.10999999999
2021-07-06 00:00:00,0.05141745215011018,18662,959.5524920253562,653.5782841600001,33848.58666666667
2021-07-06 03:00:00,0.05181243950036994,20261,1049.7718367169955,1162.86110566,34177.08666666667
2021-07-06 06:00:00,0.06534169197900962,21519,1406.087869696308,610.72224729,34782.42333333333
2021-07-06 09:00:00,-0.0034236431195577496,24648,-84.38595561085941,1393.33900855,34381.073333333334
2021-07-06 12:00:00,-0.020366336587268233,31033,-632.028523312695,2673.68578762,34214.05333333334
2021-07-06 15:00:00,0.009665146363858965,30808,297.763829177767,1673.28969044,34084.0
2021-07-06 18:00:00,-0.06142082436554146,26720,-1641.1644270472677,1240.98756048,33943.263333333336
2021-07-06 21:00:00,-0.05649648439791594,21950,-1240.0978325342548,904.5499969800001,33917.58666666667
2021-07-07 00:00:00,0.0691178697806404,20735,1433.1590299015786,839.7915206499999,34213.916666666664
2021-07-07 03:00:00,0.12442861861160413,22650,2818.3082115528337,1148.45401811,34488.98666666667
2021-07-07 06:00:00,0.07046165894970478,23002,1620.7590791611094,821.5479254,34763.043333333335
2021-07-07 09:00:00,0.030200151161924958,22470,678.5973966084538,593.8645193899999,34711.943333333336
2021-07-07 12:00:00,0.05419238263745346,32439,1757.946700376353,1506.92939118,34846.91
2021-07-07 15:00:00,0.09191704036344438,36608,3364.8990136249718,1195.91661042,34574.329999999994
2021-07-07 18:00:00,-0.0762190865546226,29880,-2277.4263062521236,1458.0481379599998,34656.206666666665
2021-07-07 21:00:00,-0.0916303493178531,23867,-2186.9415471692,1840.34586359,34322.48333333333
2021-07-08 00:00:00,-0.015719597635528187,21844,-343.37889075047775,2206.83385841,33476.65
2021-07-08 03:00:00,-0.0776318257958804,20951,-1626.4643822494904,1735.2638346600002,33345.27666666667
2021-07-08 06:00:00,-0.1461372866397441,26333,-3848.233169084381,2795.9034223599997,32830.49
2021-07-08 09:00:00,-0.08498566144106902,30248,-2570.6462872694556,1271.4320397000001,32548.766666666666
2021-07-08 12:00:00,0.06284978373805136,43142,2711.465370027012,2323.8632859,32600.49666666667
2021-07-08 15:00:00,0.024702203822079844,43159,1066.122414757144,1690.3727153099999,32867.56
2021-07-08 18:00:00,-0.030950385557283886,31202,-965.7139301583718,1177.9551853,32912.50666666667
2021-07-08 21:00:00,-0.06148321509680404,23361,-1436.3093878764391,945.7281831600001,32689.52333333333
2021-07-09 00:00:00,-0.009092615567518876,22823,-207.5207650974833,1278.25781774,32656.343333333334
2021-07-09 03:00:00,0.00523915492002598,23391,122.5490727343277,1062.59869798,32977.780000000006
2021-07-09 06:00:00,-0.0026216910166973638,24492,-64.21045638095184,616.9822178,32927.58666666666
2021-07-09 09:00:00,-0.03197562140994378,26127,-835.4270605776012,513.30953119,32881.68333333333
2021-07-09 12:00:00,-0.0397198769369274,33207,-1318.9779534445481,1577.77265308,33071.97666666666
2021-07-09 15:00:00,-0.018489582892922494,33248,-614.7416520238871,1053.9064227899999,33542.94666666667
2021-07-09 18:00:00,-0.075803518019645,29435,-2231.2765529082503,981.36063765,33444.03666666666
2021-07-09 21:00:00,-0.11624707034199087,22864,-2657.8730162992792,1236.71851434,33789.10999999999
2021-07-10 00:00:00,0.0015548891877625408,21283,33.092706583150154,817.19146247,33880.933333333334
2021-07-10 03:00:00,0.05339122194164332,19693,1051.433333696782,496.03046737,33729.67333333333
2021-07-10 06:00:00,-0.04608748228843039,20197,-930.8288797794286,321.19139195,33749.386666666665
2021-07-10 09:00:00,-0.09052687570685466,21365,-1934.1066994769499,386.77075591,33706.136666666665
2021-07-10 12:00:00,0.040366551232752665,36483,1472.6928886245155,449.65072261,33788.159999999996
2021-07-10 15:00:00,-0.015223160258040661,35216,-536.0988116471599,960.0413270500001,33911.85
2021-07-10 18:00:00,-0.02180129038398876,24519,-534.5458389250203,867.15209211,33437.10666666667
2021-07-10 21:00:00,-0.06909501655654805,18327,-1266.3043684318561,608.21760268,33477.15666666667
2021-07-11 00:00:00,-0.04879888646253771,17212,-839.9264337931991,791.5616741599999,33618.66333333334
2021-07-11 03:00:00,0.030026813398342067,20849,626.0290325420337,389.83608657999997,33483.10333333333
2021-07-11 06:00:00,0.0023360005331030716,21561,50.36650749423533,449.49251572000003,33526.61666666667
2021-07-11 09:00:00,-0.07561100425459036,22254,-1682.647288681654,804.83173318,33717.51666666667
2021-07-11 12:00:00,-0.01830135980136962,27803,-508.8327065574795,636.31132849,33832.87666666667
2021-07-11 15:00:00,0.09025141438018282,32896,2968.910527450494,1055.6856632899999,33967.136666666665
2021-07-11 18:00:00,-0.04964341435557302,24782,-1230.2630945598105,882.0178588000001,33931.386666666665
2021-07-11 21:00:00,-0.04129826654556141,23516,-971.1700360854221,2013.32814467,34245.793333333335
2021-07-12 00:00:00,0.06025262906322771,20218,1218.1876544003378,756.88859851,34200.77333333334
2021-07-12 03:00:00,0.051347490108920577,19026,976.9373468123229,1044.7814296000001,34348.37666666667
2021-07-12 06:00:00,0.018841246921794175,20127,379.21777679495136,589.67683934,34332.08
2021-07-12 09:00:00,0.11855426977847419,26870,3185.5532289476014,1226.65394136,34034.556666666664
2021-07-12 12:00:00,0.06017320101815038,33807,2034.27540682061,1478.6874733299999,33558.34333333333
2021-07-12 15:00:00,0.26884090208878125,53139,14285.936696095747,1492.29659479,33297.32
2021-07-12 18:00:00,0.06030643851697787,31750,1914.7294229140473,2352.3338482,32976.54
2021-07-12 21:00:00,0.005022110619201956,24572,123.40330213503046,1203.92174482,32924.94666666667
2021-07-13 00:00:00,0.060797606984074985,24947,1516.7179014317187,808.72266957,33107.329999999994
2021-07-13 03:00:00,0.16685345918170832,25792,4303.484419214621,634.2327509899999,33100.41333333333
2021-07-13 06:00:00,0.06853457550711972,25133,1722.4794862204399,548.80017628,32994.700000000004
2021-07-13 09:00:00,0.12371909142297934,26357,3260.8640926354665,697.92931662,33200.64333333333
2021-07-13 12:00:00,0.055198501585001246,36297,2003.5400120307902,2574.3713863400003,32658.910000000003
2021-07-13 15:00:00,0.18849024926354285,42626,8034.585365107778,1171.55751975,32724.073333333334
2021-07-13 18:00:00,-0.07353405773297127,29644,-2179.8436074362003,1989.3847942900002,32511.41333333333
2021-07-13 21:00:00,-0.018434595359708653,21288,-392.4356660174778,1053.043575,32558.209999999995
2021-07-14 00:00:00,0.0012017265028178765,20570,24.71951416296372,1103.0842315099999,32515.649999999998
2021-07-14 03:00:00,0.07876173998214037,21177,1667.9373676017865,2253.1540293,32111.236666666664
2021-07-14 06:00:00,0.04890435573765515,23006,1125.0936081004943,683.93907458,31860.539999999997
2021-07-14 09:00:00,0.02152980013358765,24993,538.0942947387562,1271.44232058,32180.05
2021-07-14 12:00:00,0.07506076528481112,36787,2761.2603725323465,1833.1634028,32528.373333333333
2021-07-14 15:00:00,0.05975277378435784,34431,2057.3477541692246,1267.23393369,32837.89333333333
2021-07-14 18:00:00,-0.04323889685920198,27482,-1188.2913634845888,1199.0307188,32772.56333333333
2021-07-14 21:00:00,-0.06211598412138971,22505,-1397.9202226518755,744.27098484,32878.23
2021-07-15 00:00:00,-0.010952573539493603,21093,-231.02263366853856,899.1208405599999,32853.450000000004
2021-07-15 03:00:00,0.013546756517266683,19456,263.56569479994056,759.9671195899999,32690.35666666667
2021-07-15 06:00:00,-0.011868518476075063,23088,-274.02035457562107,700.61618927,32509.283333333336
2021-07-15 09:00:00,-0.004366403201179486,25234,-110.18181837856315,1400.80036758,32251.440000000002
2021-07-15 12:00:00,-0.015148732961780181,31740,-480.82078420690294,2453.62184087,31808.86333333333
2021-07-15 15:00:00,-0.023533766256494424,34565,-813.4446306557297,2778.26485768,31676.660000000003
2021-07-15 18:00:00,-0.027946760400267612,27817,-777.3950340542442,1405.1776801800002,31414.756666666664
2021-07-15 21:00:00,-0.06904436933809976,21877,-1510.4836680096087,876.04284452,31732.309999999998
2021-07-16 00:00:00,-0.05549445979353555,20394,-1131.7540130293642,1052.89920968,31776.24666666667
2021-07-16 03:00:00,0.0033362506145891,19613,65.43388330393601,685.03837235,31915.343333333334
2021-07-16 06:00:00,-0.0041801742501077835,21589,-90.24578188557693,687.80315726,31736.73
2021-07-16 09:00:00,0.07304040356690913,27958,2042.0636029236455,1005.39076105,31399.846666666668
2021-07-16 12:00:00,0.028131132452333764,33259,935.6133342321687,1538.69048877,31523.063333333335
2021-07-16 15:00:00,0.0267062984796432,33279,888.7589071040461,2638.21716134,32033.706666666665
2021-07-16 18:00:00,-0.048819667469243,27197,-1327.7484961610019,1307.9673222000001,31982.829999999998
2021-07-16 21:00:00,-0.07856767654939915,20209,-1587.7741753868074,1090.47146456,31717.696666666667
2021-07-17 00:00:00,-0.05903327130292616,18238,-1076.6488020227673,1167.51677217,31475.213333333333
2021-07-17 03:00:00,-0.010675768831816448,18590,-198.46254258346775,740.3623100899999,31350.7
2021-07-17 06:00:00,-0.016052898925914515,19695,-316.1618443458864,479.83580807,31532.476666666666
2021-07-17 09:00:00,-0.0072617448249177804,20159,-146.38951392551755,609.85532156,31541.039999999997
2021-07-17 12:00:00,-0.04102567762291923,26502,-1087.2625083626053,625.81187073,31513.75333333333
2021-07-17 15:00:00,0.0013993954729149204,27529,38.52395797387484,538.01963996,31708.056666666667
