time,sentiment_score,tweet volume,Weighted Sentiment,Volume ETH,open ETH
2021-06-01 00:00:00,0.03234467843610995,23568,762.2993813822393,66177.72953071,2700.31
2021-06-01 03:00:00,0.03915905956052937,19750,773.391426320455,35565.77322714,2637.653333333333
2021-06-01 06:00:00,0.020239276561083146,23477,475.157495824549,37545.842015350005,2670.3433333333337
2021-06-01 09:00:00,0.006470430079751599,24964,161.5278165109189,25477.60093277,2587.5733333333333
2021-06-01 12:00:00,0.0854241677689737,36552,3122.4241802915267,62877.73924404,2605.56
2021-06-01 15:00:00,0.050746999407550106,40993,2080.2717467137013,39621.90898714001,2567.3233333333333
2021-06-01 18:00:00,0.06559790290045056,33467,2195.3650163693787,40816.35502028,2559.8266666666664
2021-06-01 21:00:00,-0.03984656694525473,23715,-944.9613351067159,33352.095987520006,2588.81
2021-06-02 00:00:00,0.013595492764292076,20898,284.11860778817584,33431.11041704,2603.686666666667
2021-06-02 03:00:00,0.03903823874147935,19846,774.7528860633993,24065.58925291,2610.7633333333333
2021-06-02 06:00:00,0.015497104041803635,26953,417.6934452387334,28488.239953870005,2654.866666666667
2021-06-02 09:00:00,0.0553036447180218,30576,1690.9642408982345,20483.60959435,2693.766666666667
2021-06-02 12:00:00,0.09392973416942847,41862,3932.086531800615,53530.8137145,2710.1366666666668
2021-06-02 15:00:00,0.03835321946578979,40080,1537.1970361888548,51669.91404273,2773.486666666666
2021-06-02 18:00:00,-0.02974802744234932,30541,-908.5345061167906,29436.55902365,2767.463333333333
2021-06-02 21:00:00,-0.05682847943417437,24168,-1373.4306909651261,27648.098599790002,2713.3966666666665
2021-06-03 00:00:00,0.03758038118370825,21363,802.8296832275594,23786.0967934,2695.25
2021-06-03 03:00:00,-0.005126917625830216,19439,-99.66215172851356,31312.800611399998,2729.7566666666667
2021-06-03 06:00:00,-0.017329473584347697,23761,-411.7656218376856,24918.22263391,2828.773333333333
2021-06-03 09:00:00,-0.04635340142330052,27647,-1281.5324891499895,37887.864411179995,2862.293333333333
2021-06-03 12:00:00,-0.008175939596924503,33475,-273.6895780070477,49876.26929614,2805.7299999999996
2021-06-03 15:00:00,0.0007969095985832,34317,27.347546694579673,31781.11565545,2805.51
2021-06-03 18:00:00,-0.03433204605091571,29155,-1000.9508026144474,25298.436726530002,2802.44
2021-06-03 21:00:00,-0.022190629403385745,23302,-517.0860463576946,29375.0855478,2825.51
2021-06-04 00:00:00,0.015807762208879996,36009,569.2217093795598,66628.63965726999,2802.7066666666665
2021-06-04 03:00:00,0.04774875471327038,32337,1544.0514811630242,39275.3808708,2738.1566666666663
2021-06-04 06:00:00,-0.014714982857113257,34061,-501.20703109613464,32103.05857854,2634.95
2021-06-04 09:00:00,0.012215307945817587,36893,450.65935604504824,19980.74698296,2633.8933333333334
2021-06-04 12:00:00,0.015806580121741624,48048,759.4745616894415,54373.58361951,2642.24
2021-06-04 15:00:00,0.016662252944197296,45316,755.0666544192446,29408.27021123,2657.7633333333333
2021-06-04 18:00:00,0.005606588165676892,36342,203.75462711702963,20990.69534808,2693.17
2021-06-04 21:00:00,0.002907889183603872,29779,86.5940319985397,31706.584174410003,2718.5499999999997
2021-06-05 00:00:00,0.08052197042115114,26599,2141.803891232199,28520.817533179998,2740.876666666667
2021-06-05 03:00:00,0.09894486661977724,25290,2502.315676814166,14137.278882800001,2771.6299999999997
2021-06-05 06:00:00,0.017312554790551583,28654,496.07394496846507,14580.895883559999,2779.066666666667
2021-06-05 09:00:00,-0.009153960596281575,32188,-294.6476836731114,38592.516808240005,2741.6066666666666
2021-06-05 12:00:00,-0.016227839680172038,38570,-625.9077764642354,42023.80720349,2634.236666666667
2021-06-05 15:00:00,-0.022508809515219826,40174,-904.2689134644413,31094.2977016,2627.67
2021-06-05 18:00:00,-0.049255565239036195,41443,-2041.298390201377,20291.29640679,2617.4133333333334
2021-06-05 21:00:00,-0.07232575183479648,45985,-3325.8996981231157,38902.79794726,2590.986666666667
2021-06-06 00:00:00,-0.039449913993465056,32022,-1263.265145898738,23714.08504129,2649.42
2021-06-06 03:00:00,-0.05725167481704903,33161,-1898.5227886081627,12980.470690139999,2680.233333333333
2021-06-06 06:00:00,0.005304356308278314,32961,174.8368882771615,14169.18052101,2684.1766666666667
2021-06-06 09:00:00,-0.02543186552821271,32795,-834.0380299977359,8153.40616712,2725.653333333333
2021-06-06 12:00:00,-0.03673376410054389,41759,-1533.9652550746123,14016.52928567,2681.88
2021-06-06 15:00:00,-0.021900451679222128,44309,-970.3871134546532,15595.07142942,2716.3633333333332
2021-06-06 18:00:00,-0.07388260423822687,46171,-3411.233720283173,12549.38375322,2686.233333333333
2021-06-06 21:00:00,-0.038661989759768804,32463,-1255.0841735713748,21242.03960224,2707.6566666666663
2021-06-07 00:00:00,0.010833281831757339,26317,285.0994779663579,39894.60845735,2756.2100000000005
2021-06-07 03:00:00,0.01631475427069032,26410,430.8726602889314,19157.97658903,2775.0466666666666
2021-06-07 06:00:00,0.08491772614109877,30963,2629.3075545068414,12724.026821020001,2772.6666666666665
2021-06-07 09:00:00,0.10008702318429052,34128,3415.769927233467,18687.98212391,2791.806666666667
2021-06-07 12:00:00,0.01448583306422113,45762,662.9006926848873,32509.941869360002,2812.846666666667
2021-06-07 15:00:00,-0.014093520827501694,43239,-609.3897470603457,25322.673792989997,2775.8866666666668
2021-06-07 18:00:00,-0.04152315602492705,44580,-1851.1022955912479,51453.61121096001,2714.24
2021-06-07 21:00:00,-0.07090219352735207,40209,-2850.906299541299,68183.55054469,2633.6866666666665
2021-06-08 00:00:00,-0.020850434773221887,32025,-667.7351736124309,74892.45501748001,2596.983333333333
2021-06-08 03:00:00,0.025596089033275267,30269,774.768018948209,72170.91272564999,2491.456666666667
2021-06-08 06:00:00,-0.03352799720309754,31446,-1054.3214000486053,29337.11862529,2498.5499999999997
2021-06-08 09:00:00,-0.06507734587020786,28906,-1881.1257597242284,27375.50371094,2504.726666666667
2021-06-08 12:00:00,0.04011390983775901,49081,1968.83080874705,83287.77206249,2491.2400000000002
2021-06-08 15:00:00,-0.046574577516606215,49921,-2325.049484206499,85988.01518578,2390.2233333333334
2021-06-08 18:00:00,-0.10506679627574551,40751,-4281.577015032905,51315.64334654,2471.9133333333334
2021-06-08 21:00:00,-0.08133330477302603,29486,-2398.1938245374454,27137.6410526,2527.0433333333335
2021-06-09 00:00:00,-0.01232533882575113,25839,-318.47442991858344,44984.94961822,2465.433333333333
2021-06-09 03:00:00,-0.05002388208333163,32932,-1647.3864847682773,27889.66550926,2455.6699999999996
2021-06-09 06:00:00,-0.023902956075993565,41576,-993.7893018155085,26184.16566544,2505.71
2021-06-09 09:00:00,-0.016489962206382096,33733,-556.2558951078872,20228.78684262,2487.6
2021-06-09 12:00:00,-0.010043659000703186,48576,-487.88077961815793,46020.156097600004,2538.0033333333336
2021-06-09 15:00:00,-0.007179465502560386,55675,-399.71674185504946,73703.96286032,2542.5833333333335
2021-06-09 18:00:00,-0.03139600029591383,46511,-1460.259369763248,22681.35033774,2573.233333333333
2021-06-09 21:00:00,-0.04251435309680492,38950,-1655.9340531205517,29950.00076298,2581.4700000000003
2021-06-10 00:00:00,-0.038908746980023924,36189,-1408.0686444600858,18771.60436796,2588.2033333333334
2021-06-10 03:00:00,0.047498985515582,30756,1460.87879851724,18789.36151471,2561.78
2021-06-10 06:00:00,0.07218848676555856,29283,2113.8954579558513,14458.17011321,2542.7433333333333
2021-06-10 09:00:00,0.01955096565450205,34487,674.2541525268122,24795.257823530002,2552.61
2021-06-10 12:00:00,0.03916546203969296,56851,2226.5956824185846,27471.314771049998,2558.186666666667
2021-06-10 15:00:00,0.03451017460260563,49283,1700.7649349402132,33004.11715743,2505.8633333333332
2021-06-10 18:00:00,-0.044256379495910596,37153,-1644.2572674115663,29335.0345153,2467.3766666666666
2021-06-10 21:00:00,-0.015161853908162435,28072,-425.62356290993586,15054.63852729,2481.3533333333335
2021-06-11 00:00:00,0.01175575245535841,26153,307.4481939649885,30929.6490788,2446.043333333333
2021-06-11 03:00:00,0.07085553232118683,23863,1690.8255677804812,16827.833223640002,2461.11
2021-06-11 06:00:00,0.0628580302748709,25248,1587.0395483799405,14449.99597039,2447.566666666667
2021-06-11 09:00:00,0.050785075211438505,29956,1521.3177130338518,13973.78151496,2459.6
2021-06-11 12:00:00,0.009761598822140801,35777,349.24072105973147,18311.11815772,2469.0066666666667
2021-06-11 15:00:00,-0.0037341933476275745,39419,-147.19816757013135,38648.36689495,2414.4133333333334
2021-06-11 18:00:00,-0.034081562882158016,32217,-1098.0057113744847,21877.9400083,2405.766666666667
2021-06-11 21:00:00,-0.05270043123941758,25991,-1369.7369083437025,34861.99654084,2361.66
2021-06-12 00:00:00,-0.051589971277156255,21775,-1123.3716245600774,45144.4618587,2329.7566666666667
2021-06-12 03:00:00,-0.02144482424939872,20118,-431.4269742494035,27603.54357691,2284.3333333333335
2021-06-12 06:00:00,0.012357039578296248,20322,251.11975831013635,12659.68747092,2304.4666666666667
2021-06-12 09:00:00,0.0012056217937166942,21629,26.076393776298378,23468.45668596,2344.0166666666664
2021-06-12 12:00:00,0.14722868573370307,39513,5817.447059395809,26032.97489239,2422.68
2021-06-12 15:00:00,0.07937448264974732,33778,2681.111274943165,18279.36380041,2402.2000000000003
2021-06-12 18:00:00,-0.026559932525407153,27258,-723.9706407775482,11167.26159341,2415.2000000000003
2021-06-12 21:00:00,0.04870617492446918,24850,1210.3484468730592,12938.21783387,2396.5533333333333
2021-06-13 00:00:00,0.06286049841559821,22005,1383.2452676352386,15543.263040520002,2391.0
2021-06-13 03:00:00,0.1114520727347893,22776,2538.4324086075612,21837.13624927,2353.8633333333332
2021-06-13 06:00:00,0.08984611148373398,22482,2019.9202783773073,12793.39294967,2328.53
2021-06-13 09:00:00,0.042115039896960485,22962,967.0455461140067,8057.8145570100005,2363.2900000000004
2021-06-13 12:00:00,0.04485119069104991,29984,1344.8181016804406,11755.48269803,2359.9266666666663
2021-06-13 15:00:00,0.01042959146420884,37700,393.19559820067326,24459.50506439,2361.883333333333
2021-06-13 18:00:00,-0.010644049020403827,44749,-476.31054961405084,43563.624257179996,2430.5333333333333
2021-06-13 21:00:00,-0.02433359543310899,33196,-807.778033997486,34702.266815560004,2522.98
2021-06-14 00:00:00,0.009124704526405741,24898,227.18689329845014,21309.51570648,2504.2099999999996
2021-06-14 03:00:00,0.03239248349219341,23296,754.6152954341377,13235.72841401,2489.036666666667
2021-06-14 06:00:00,0.11848350913556917,31031,3676.661771985847,8231.14115499,2501.513333333333
2021-06-14 09:00:00,0.08768310538325394,34501,3025.1548188276442,10478.54065919,2479.0400000000004
2021-06-14 12:00:00,0.06049286234371589,49413,2989.1338069900335,36724.675747760004,2509.7833333333333
2021-06-14 15:00:00,0.039049558659880544,44386,1733.2537106774578,35296.5526767,2570.7566666666667
2021-06-14 18:00:00,-0.020803468435998312,36677,-763.0088118271101,26217.510398979997,2548.89
2021-06-14 21:00:00,-0.0138305155105998,28850,-399.0103724808042,18132.688269709997,2557.7000000000003
2021-06-15 00:00:00,0.036457989618422205,29441,1073.359672355968,23878.93728235,2584.8233333333333
2021-06-15 03:00:00,0.05802340534951375,26779,1553.8087718546287,15297.93496658,2604.2099999999996
2021-06-15 06:00:00,0.03400094082741213,24960,848.6634830522069,11062.33020045,2619.1866666666665
2021-06-15 09:00:00,0.07942803653323341,28160,2236.693508775853,8522.4580552,2582.83
2021-06-15 12:00:00,0.0705125785293021,38362,2705.003537541087,35862.69336514,2587.9133333333334
2021-06-15 15:00:00,0.0488917046309725,37504,1833.6344904799926,25081.73713589,2551.6200000000003
2021-06-15 18:00:00,-0.032821598353511915,36066,-1183.7437662177608,33893.47152269,2561.566666666667
2021-06-15 21:00:00,-0.0881115111803385,25664,-2261.293822932207,14929.785384499999,2536.5
2021-06-16 00:00:00,-0.022454370018898943,22420,-503.4269758237143,19722.69757408,2529.806666666667
2021-06-16 03:00:00,0.058246821287576335,21365,1244.4433368090683,10102.67079628,2526.38
2021-06-16 06:00:00,0.04475926034916912,22083,988.4187462907016,6466.10514321,2531.63
2021-06-16 09:00:00,0.09701152604765222,26815,2601.3640709677943,16154.033026219999,2508.2233333333334
2021-06-16 12:00:00,0.1125508082205496,35739,4022.453334994222,21863.009230440002,2456.0033333333336
2021-06-16 15:00:00,0.03919168024613822,38959,1526.8686707092988,30264.755515110002,2412.7299999999996
2021-06-16 18:00:00,-0.01571467588965728,36431,-572.5013573361043,38978.82389515,2421.5066666666667
2021-06-16 21:00:00,-0.012504271063630742,25912,-324.0106718007998,34705.19285734,2399.9300000000003
2021-06-17 00:00:00,0.07108036421562988,23222,1650.6282178153572,17903.69239285,2392.9566666666665
2021-06-17 03:00:00,0.12918163345072892,23529,3039.514653462201,11729.10979509,2426.2633333333333
2021-06-17 06:00:00,0.10851900934447478,25401,2756.491356359004,10825.38906668,2434.456666666667
2021-06-17 09:00:00,-0.04352839305194667,31871,-1387.2934149585922,8243.7460992,2439.6366666666668
2021-06-17 12:00:00,0.008111107959376775,41519,336.76509136536436,23024.02748829,2397.96
2021-06-17 15:00:00,0.07533785575055656,50676,3817.821178015204,39610.52033788,2393.66
2021-06-17 18:00:00,-0.023013585131834352,39059,-898.887621664318,24011.195570969998,2327.9500000000003
2021-06-17 21:00:00,0.03543690779584607,29293,1038.0533400637191,18289.94325778,2350.626666666667
2021-06-18 00:00:00,-0.006261592303108258,25853,-161.8809458122578,19042.12538147,2351.64
2021-06-18 03:00:00,0.04767302432976268,23498,1120.2207257007633,13352.145229099999,2347.326666666667
2021-06-18 06:00:00,0.02608036326903697,23944,624.4682181138212,10266.93827712,2336.06
2021-06-18 09:00:00,-0.012315874369797484,25954,-319.6462033937239,23287.1055388,2326.01
2021-06-18 12:00:00,-0.010983134036112932,33736,-370.5270098423059,51787.23791128,2294.3999999999996
2021-06-18 15:00:00,0.06709105099003147,39072,2621.38154428251,48030.93117794,2234.21
2021-06-18 18:00:00,-0.005576302049883618,33608,-187.40835929248863,77121.27840972,2170.52
2021-06-18 21:00:00,0.0035091241346272358,23819,83.58382776268613,30440.464659639998,2211.3033333333333
2021-06-19 00:00:00,0.05578262095617037,21944,1224.0938342622026,23836.60122607,2242.97
2021-06-19 03:00:00,0.04761453855147921,20164,960.0995553520268,29630.131468039996,2200.2466666666664
2021-06-19 06:00:00,0.01717758151593142,20448,351.2471868377657,17641.99835414,2240.31
2021-06-19 09:00:00,0.006327236092593431,22407,141.77437912674102,11165.497783629999,2233.3700000000003
2021-06-19 12:00:00,0.07349342990854106,33434,2457.1793355621617,21938.4942551,2234.9966666666664
2021-06-19 15:00:00,0.03101463511989107,32485,1007.5104218696615,17274.61105096,2248.3766666666666
2021-06-19 18:00:00,-0.06064671071042907,26723,-1620.662050314796,21823.41691302,2217.173333333333
2021-06-19 21:00:00,-0.028208784691276537,19556,-551.650993422604,19518.16136923,2203.3233333333333
2021-06-20 00:00:00,0.019767990801734574,17200,340.0094417898347,25132.56362164,2172.3266666666664
2021-06-20 03:00:00,0.08397635960578739,17063,1432.8886239535502,17461.1797528,2190.0333333333333
2021-06-20 06:00:00,0.08837611847885268,18390,1625.236818826101,16038.96690576,2204.9599999999996
2021-06-20 09:00:00,0.08620421519918715,24919,2148.1228385485447,55846.92481575,2149.103333333333
2021-06-20 12:00:00,-0.010532492529260603,29776,-313.61549755126373,43859.780647559994,2079.1299999999997
2021-06-20 15:00:00,-0.015989721300417026,31483,-503.4043957010292,21016.88775174,2116.43
2021-06-20 18:00:00,-0.0630346002229293,28368,-1788.1655391240583,32527.85204449,2171.266666666667
2021-06-20 21:00:00,-0.09382846088477322,21755,-2041.2381665482412,19987.75955517,2253.773333333333
2021-06-21 00:00:00,-0.14873773808869564,22604,-3362.0678317568763,22982.108850570003,2228.583333333333
2021-06-21 03:00:00,-0.11830789955940048,23852,-2821.88002029082,47426.91711466,2156.046666666667
2021-06-21 06:00:00,-0.06078578972830051,26939,-1637.5083894906875,85186.92603764,2053.19
2021-06-21 09:00:00,-0.05813865144398523,33459,-1945.2611386643018,117263.28391723,1988.05
2021-06-21 12:00:00,-0.03906739094491781,44574,-1741.3898839787664,97968.61382305001,1977.0266666666666
2021-06-21 15:00:00,-0.044779835459679694,43983,-1969.551503023092,77268.04684168,1970.7766666666666
2021-06-21 18:00:00,-0.09177111068588165,35402,-3248.880860501582,49083.18362971001,1942.37
2021-06-21 21:00:00,-0.10473391656640282,31506,-3299.7467753410874,101475.99247645,1894.006666666667
2021-06-22 00:00:00,-0.023849498461446537,28488,-679.4245121696889,79806.86969448,1918.4399999999998
2021-06-22 03:00:00,0.0020355022905205276,21089,42.926707804787405,27837.17971849,1971.4766666666667
2021-06-22 06:00:00,0.03038961730097596,25148,764.2380958849434,28419.77833426,1943.2766666666666
2021-06-22 09:00:00,-0.06414249873522136,27458,-1761.2247302717083,49756.83825709,1886.8500000000001
2021-06-22 12:00:00,-0.06276165925371457,57499,-3608.7326454293343,227055.91178787997,1794.1833333333334
2021-06-22 15:00:00,-0.041369356832347354,45100,-1865.7579931388657,115031.0492893,1865.0766666666668
2021-06-22 18:00:00,-0.03911344471799594,35111,-1373.3121574935553,48340.53704824,1914.0433333333333
2021-06-22 21:00:00,-0.07977399860236069,25458,-2030.8864564188984,43915.20983425,1898.0199999999998
2021-06-23 00:00:00,-0.060645722006537096,25832,-1566.6002908728663,80485.73623745999,1938.5333333333335
2021-06-23 03:00:00,-0.010835820020254782,23049,-249.75481564685245,31305.16056599,2008.4866666666667
2021-06-23 06:00:00,0.035443410515428646,24151,855.9938073581172,20615.93450906,2017.6766666666665
2021-06-23 09:00:00,0.014159563753352904,25594,362.39987470331425,19710.712917869998,1989.8033333333333
2021-06-23 12:00:00,0.021037595021976233,35428,745.319916438574,41807.96870492,2000.5
2021-06-23 15:00:00,0.053114023899901705,36257,1925.7551645387362,31723.603371119996,1987.0533333333333
2021-06-23 18:00:00,-0.0294657925139015,33071,-974.4632242272364,36460.85755691,1945.14
2021-06-23 21:00:00,-0.01920359953764019,23739,-455.8742494240405,25107.11665723,1941.1333333333332
2021-06-24 00:00:00,0.046400210686979,21949,1018.438224368502,40531.45427776,1938.3466666666666
2021-06-24 03:00:00,0.07340383407326144,22941,1683.9573574746908,25452.5086291,1901.6066666666666
2021-06-24 06:00:00,0.006992243632056278,23272,162.7234938052137,11917.373432150001,1925.45
2021-06-24 09:00:00,0.007229220402668722,22772,164.62380700957215,12935.883256770001,1942.47
2021-06-24 12:00:00,0.0004305560561664217,28810,12.404319978154609,19112.919340649998,1970.92
2021-06-24 15:00:00,-0.008726593347223657,34933,-304.846085398564,39544.626884979996,1988.8866666666665
2021-06-24 18:00:00,-0.024950034074189272,32802,-818.4110177015565,29632.128936279998,2017.62
2021-06-24 21:00:00,-0.06457607991945352,24016,-1550.8591353455959,29496.70425681,1995.93
2021-06-25 00:00:00,-0.04772051653999355,25177,-1201.4594449274175,34362.70738675,1986.7766666666666
2021-06-25 03:00:00,-0.0076169401577812395,24670,-187.90991369246316,27588.46369605,1993.17
2021-06-25 06:00:00,-0.05177485475957263,23614,-1222.611420292548,22376.8312939,1957.8766666666668
2021-06-25 09:00:00,-0.06074514394318205,24704,-1500.6480359723694,58918.73959685,1907.2133333333331
2021-06-25 12:00:00,-0.04980084534438454,32183,-1602.7406057183275,73395.68132090001,1855.0
2021-06-25 15:00:00,-0.05329391775063816,38423,-2047.71220173277,69771.72997975,1822.8566666666666
2021-06-25 18:00:00,-0.05174992950507877,32767,-1695.689940092916,41956.51830068,1832.7600000000002
2021-06-25 21:00:00,-0.09977142878581205,22988,-2293.5456049282475,42369.075871270004,1839.7866666666666
2021-06-26 00:00:00,-0.03677247527981223,18997,-698.5667128905928,32174.272901270004,1823.2366666666667
2021-06-26 03:00:00,-0.004541155230190839,17956,-81.54098331330671,18164.310580639998,1824.6200000000001
2021-06-26 06:00:00,0.049504141664884545,22669,1122.2093874012678,45015.59817469,1796.7466666666667
2021-06-26 09:00:00,0.06912823463711718,24400,1686.728925145659,28330.40288263,1755.0433333333333
2021-06-26 12:00:00,0.06265666476969532,31804,1992.73256633539,36014.251156340004,1775.6833333333334
2021-06-26 15:00:00,0.0013080986220584115,33342,43.614624256671554,39103.63680701,1773.8766666666668
2021-06-26 18:00:00,-0.02121891562697382,25756,-546.5143908883377,19399.543616659997,1786.36
2021-06-26 21:00:00,-0.060620141000927115,19279,-1168.695698356874,20005.15053687,1777.4233333333334
2021-06-27 00:00:00,-0.0654031061959987,18403,-1203.6133633249642,33792.47301083,1843.4766666666667
2021-06-27 03:00:00,-0.005276765164287832,15939,-84.10635995358375,19531.163525210002,1883.04
2021-06-27 06:00:00,-0.036144474476967475,17224,-622.5524283912878,9867.04792042,1865.8933333333334
2021-06-27 09:00:00,-0.014112377536409232,18088,-255.2646848785702,13213.99990052,1831.1499999999999
2021-06-27 12:00:00,-0.025662825168191898,27013,-693.2298962683677,11366.236120810001,1845.5200000000002
2021-06-27 15:00:00,-0.02249721260750628,29458,-662.7228889919201,16434.79663892,1839.0166666666664
2021-06-27 18:00:00,-0.013097356125350854,25209,-330.1712505639697,17959.166070789997,1823.67
2021-06-27 21:00:00,-0.042324308778794714,23963,-1014.2174112662577,55249.027461720005,1869.2866666666666
2021-06-28 00:00:00,-0.013817248875108944,19941,-275.52975981854746,39095.53467205,1975.2733333333333
2021-06-28 03:00:00,0.11004474180843753,22685,2496.3649679244054,19146.585121199998,1970.8033333333333
2021-06-28 06:00:00,0.15313254719198913,28022,4291.080237413919,30333.569755829998,2005.71
2021-06-28 09:00:00,0.05176399988527267,26013,1346.536929015598,25183.02365428,2032.3999999999999
2021-06-28 12:00:00,0.05256994647702332,33439,1757.886440245183,26109.097439080004,2009.46
2021-06-28 15:00:00,0.05214923871572957,37181,1938.9608446895413,69373.3280906,2091.8333333333335
2021-06-28 18:00:00,0.018155428176657346,30421,552.3062805620931,33221.49110775,2095.233333333333
2021-06-28 21:00:00,-0.030074434015043814,23613,-710.1476103972295,35799.35255949,2117.07
2021-06-29 00:00:00,-0.022622474887152386,21604,-488.73594746204014,28386.056253150004,2114.79
2021-06-29 03:00:00,0.056029484052299496,18870,1057.2763640668916,13604.47019328,2104.8933333333334
2021-06-29 06:00:00,0.032088607117243546,21755,698.0876478356333,24309.24969878,2137.23
2021-06-29 09:00:00,0.016933431837395103,27510,465.8387098467393,21725.394833309998,2160.9233333333336
2021-06-29 12:00:00,0.02167522251675353,38122,826.302832783678,43571.614962700005,2193.3199999999997
2021-06-29 15:00:00,0.010245158239178995,35609,364.8198397389248,31054.686843100004,2223.023333333333
2021-06-29 18:00:00,-0.06106108604600572,30990,-1892.2830565657173,26250.43200198,2226.0633333333335
2021-06-29 21:00:00,-0.09550276104396543,23425,-2237.15217745489,26800.78302777,2192.1299999999997
2021-06-30 00:00:00,-0.022662148151961617,20116,-455.8717722248599,19861.88080797,2169.0033333333336
2021-06-30 03:00:00,-0.037965907802633835,19444,-738.2091113144123,29494.9903033,2130.6633333333334
2021-06-30 06:00:00,-0.0013320887568349627,20424,-27.206580769597277,17535.44621039,2138.366666666667
2021-06-30 09:00:00,-0.01457316365557497,23110,-336.78581208033756,20418.6626416,2124.943333333333
2021-06-30 12:00:00,-0.02253694033653447,31636,-712.9786444866045,21317.66190484,2146.4933333333333
2021-06-30 15:00:00,0.023232364783066024,38226,888.0803761974818,41794.88690184,2112.3033333333333
2021-06-30 18:00:00,-0.029299390882187408,32122,-941.1550339176239,66375.75217648,2205.56
2021-06-30 21:00:00,-0.034508403198788444,24830,-856.8436514259171,38073.864795500005,2253.29
2021-07-01 00:00:00,-0.06697430286925622,20977,-1404.9199512883877,31589.74966582,2261.39
2021-07-01 03:00:00,-0.01812108790115389,18632,-337.63210977429924,17947.228666360003,2197.61
2021-07-01 06:00:00,-0.01945861025027097,21202,-412.5614545262451,34962.67386185,2169.193333333333
2021-07-01 09:00:00,-0.004227576393141911,25459,-107.62986739299991,27723.526549280003,2114.5266666666666
2021-07-01 12:00:00,-0.026968391829299495,29478,-794.9742543440905,36013.53402527,2126.5466666666666
2021-07-01 15:00:00,0.0038456863503095536,36938,142.0519624077343,36542.32004126,2098.5266666666666
2021-07-01 18:00:00,-0.011348646776976744,31944,-362.5211726437451,34485.07739357,2106.4366666666665
2021-07-01 21:00:00,-0.026302163760505284,24554,-645.8233289754468,21456.46461665,2127.0399999999995
2021-07-02 00:00:00,-0.0046426065577279355,21617,-100.35922595840478,21678.376127069998,2110.7166666666667
2021-07-02 03:00:00,0.013545927734966528,19228,260.4610984879364,25588.46005348,2064.1133333333332
2021-07-02 06:00:00,0.06705316206429304,23193,1555.1639877571486,15954.469644879999,2042.9366666666665
2021-07-02 09:00:00,0.08910385300239036,26863,2393.5968032032124,16303.1330661,2046.3100000000002
2021-07-02 12:00:00,0.03428112568375264,34001,1165.5925543732735,42859.43520902,2056.7133333333336
2021-07-02 15:00:00,0.016331704016799932,32601,532.4298826516946,22604.71434637,2118.6966666666667
2021-07-02 18:00:00,-0.037858240474507907,30116,-1140.1387701302801,25392.52084366,2102.5966666666664
2021-07-02 21:00:00,-0.0765469323443396,23144,-1771.6022021773956,21746.08193321,2118.853333333333
2021-07-03 00:00:00,-0.039302388525706895,17687,-695.1413458541779,15095.69597315,2148.93
2021-07-03 03:00:00,0.015138576149927781,15547,235.3594434029272,10136.323755640002,2137.9133333333334
2021-07-03 06:00:00,0.017541838812505043,18593,326.15540904090625,12793.70056592,2161.8633333333332
2021-07-03 09:00:00,0.09392928864429331,23087,2168.5454869307996,10547.64413592,2211.9166666666665
2021-07-03 12:00:00,0.09436923509017657,32084,3027.742538633225,13192.887737100002,2222.976666666667
2021-07-03 15:00:00,0.05840967476587131,30309,1770.3388324787936,10536.7258295,2222.9366666666665
2021-07-03 18:00:00,0.018917784359699867,23217,439.21419947915183,7815.7254624199995,2223.52
2021-07-03 21:00:00,-0.006051313084067261,19082,-115.47115627017148,18548.08839814,2206.3333333333335
2021-07-04 00:00:00,-0.001823768386342408,16571,-30.221665930080043,9415.422323359999,2210.7333333333336
2021-07-04 03:00:00,0.046188103970772755,15172,700.7659134445643,15097.17334025,2214.96
2021-07-04 06:00:00,-0.012276913772001944,19979,-245.28046025082682,22301.14407707,2313.346666666667
2021-07-04 09:00:00,0.04732197688721202,18214,861.9224870236798,11214.74722666,2330.0
2021-07-04 12:00:00,0.008440956436753246,25867,218.3422201494962,9934.39741094,2319.646666666667
2021-07-04 15:00:00,0.015088164249073301,31277,471.91251321826564,20672.74838784,2337.0766666666664
2021-07-04 18:00:00,-0.05880046635237629,32181,-1892.2578076858215,9537.90002427,2359.6266666666666
2021-07-04 21:00:00,-0.07434591295213724,22633,-1682.6710478457223,28152.20342215,2354.4500000000003
2021-07-05 00:00:00,0.020490762108963192,20473,419.5073726568034,23442.40893529,2299.72
2021-07-05 03:00:00,0.0635127406692405,19309,1226.3675095823646,12993.68313149,2262.806666666667
2021-07-05 06:00:00,0.041002103273592105,22480,921.7272815903506,8915.425822050001,2278.596666666667
2021-07-05 09:00:00,0.03561212987689659,23963,853.373468240073,27621.90278119,2286.83
2021-07-05 12:00:00,0.019638514120091616,32392,636.1307493780076,18801.536011930002,2211.273333333333
2021-07-05 15:00:00,0.03861102832118056,35391,1366.4829033149013,28554.05812663,2216.35
2021-07-05 18:00:00,-0.06341462810913982,29748,-1886.4583569906915,22037.5754993,2227.7899999999995
2021-07-05 21:00:00,-0.04164922351769247,18843,-784.7963187438793,13737.34591452,2229.8566666666666
2021-07-06 00:00:00,0.05141745215011018,18662,959.5524920253562,12939.72390302,2218.436666666667
2021-07-06 03:00:00,0.05181243950036994,20261,1049.7718367169955,26416.35082978,2263.86
2021-07-06 06:00:00,0.06534169197900962,21519,1406.087869696308,11713.53984518,2325.3333333333335
2021-07-06 09:00:00,-0.0034236431195577496,24648,-84.38595561085941,22748.846067309998,2297.68
2021-07-06 12:00:00,-0.020366336587268233,31033,-632.028523312695,30796.310426149998,2309.7099999999996
2021-07-06 15:00:00,0.009665146363858965,30808,297.763829177767,25916.3548465,2308.2166666666667
2021-07-06 18:00:00,-0.06142082436554146,26720,-1641.1644270472677,16799.73560324,2319.8933333333334
2021-07-06 21:00:00,-0.05649648439791594,21950,-1240.0978325342548,18362.605683,2302.483333333333
2021-07-07 00:00:00,0.0691178697806404,20735,1433.1590299015786,18965.95579896,2319.9533333333334
2021-07-07 03:00:00,0.12442861861160413,22650,2818.3082115528337,27928.27182668,2353.17
2021-07-07 06:00:00,0.07046165894970478,23002,1620.7590791611094,14873.594238819998,2382.7133333333336
2021-07-07 09:00:00,0.030200151161924958,22470,678.5973966084538,9824.593078330001,2378.7533333333336
2021-07-07 12:00:00,0.05419238263745346,32439,1757.946700376353,21945.86957481,2385.3033333333333
2021-07-07 15:00:00,0.09191704036344438,36608,3364.8990136249718,29094.828685350003,2350.47
2021-07-07 18:00:00,-0.0762190865546226,29880,-2277.4263062521236,16911.3474901,2364.633333333333
2021-07-07 21:00:00,-0.0916303493178531,23867,-2186.9415471692,20157.58339105,2345.7366666666667
2021-07-08 00:00:00,-0.015719597635528187,21844,-343.37889075047775,27914.64393231,2289.0666666666666
2021-07-08 03:00:00,-0.0776318257958804,20951,-1626.4643822494904,22988.05077884,2260.7833333333333
2021-07-08 06:00:00,-0.1461372866397441,26333,-3848.233169084381,25877.70973608,2203.7466666666664
2021-07-08 09:00:00,-0.08498566144106902,30248,-2570.6462872694556,28465.656105249996,2173.9933333333333
2021-07-08 12:00:00,0.06284978373805136,43142,2711.465370027012,34127.03685929,2155.2433333333333
2021-07-08 15:00:00,0.024702203822079844,43159,1066.122414757144,25866.177051619998,2166.1133333333332
2021-07-08 18:00:00,-0.030950385557283886,31202,-965.7139301583718,21975.48190089,2157.8733333333334
2021-07-08 21:00:00,-0.06148321509680404,23361,-1436.3093878764391,36615.24734845,2116.6566666666668
2021-07-09 00:00:00,-0.009092615567518876,22823,-207.5207650974833,42079.08066932,2088.2000000000003
2021-07-09 03:00:00,0.00523915492002598,23391,122.5490727343277,19377.76538174,2125.42
2021-07-09 06:00:00,-0.0026216910166973638,24492,-64.21045638095184,14847.32769279,2128.9266666666667
2021-07-09 09:00:00,-0.03197562140994378,26127,-835.4270605776012,16954.26686258,2097.6133333333332
2021-07-09 12:00:00,-0.0397198769369274,33207,-1318.9779534445481,39258.21841021,2112.483333333333
2021-07-09 15:00:00,-0.018489582892922494,33248,-614.7416520238871,23097.62374415,2172.8433333333337
2021-07-09 18:00:00,-0.075803518019645,29435,-2231.2765529082503,17099.208943290003,2136.8799999999997
2021-07-09 21:00:00,-0.11624707034199087,22864,-2657.8730162992792,18169.83447509,2148.5766666666664
2021-07-10 00:00:00,0.0015548891877625408,21283,33.092706583150154,21036.59645796,2158.0933333333332
2021-07-10 03:00:00,0.05339122194164332,19693,1051.433333696782,13767.88204669,2125.7833333333333
2021-07-10 06:00:00,-0.04608748228843039,20197,-930.8288797794286,8109.34443744,2123.576666666667
2021-07-10 09:00:00,-0.09052687570685466,21365,-1934.1066994769499,12189.86263943,2110.0866666666666
2021-07-10 12:00:00,0.040366551232752665,36483,1472.6928886245155,9954.145420519999,2108.4900000000002
2021-07-10 15:00:00,-0.015223160258040661,35216,-536.0988116471599,25978.67171697,2121.82
2021-07-10 18:00:00,-0.02180129038398876,24519,-534.5458389250203,14599.76630497,2092.306666666667
2021-07-10 21:00:00,-0.06909501655654805,18327,-1266.3043684318561,10958.21686927,2104.8466666666664
2021-07-11 00:00:00,-0.04879888646253771,17212,-839.9264337931991,12249.11770073,2115.11
2021-07-11 03:00:00,0.030026813398342067,20849,626.0290325420337,10254.933505109999,2093.9900000000002
2021-07-11 06:00:00,0.0023360005331030716,21561,50.36650749423533,13729.24034573,2096.906666666667
2021-07-11 09:00:00,-0.07561100425459036,22254,-1682.647288681654,6562.48071854,2117.0866666666666
2021-07-11 12:00:00,-0.01830135980136962,27803,-508.8327065574795,9937.25916491,2129.133333333333
2021-07-11 15:00:00,0.09025141438018282,32896,2968.910527450494,12687.99631403,2146.7833333333333
2021-07-11 18:00:00,-0.04964341435557302,24782,-1230.2630945598105,6341.643247569999,2140.3933333333334
2021-07-11 21:00:00,-0.04129826654556141,23516,-971.1700360854221,17578.30027225,2148.3733333333334
2021-07-12 00:00:00,0.06025262906322771,20218,1218.1876544003378,9447.79365329,2136.6200000000003
2021-07-12 03:00:00,0.051347490108920577,19026,976.9373468123229,12407.23340469,2156.0633333333335
2021-07-12 06:00:00,0.018841246921794175,20127,379.21777679495136,6509.4860698699995,2151.1733333333336
2021-07-12 09:00:00,0.11855426977847419,26870,3185.5532289476014,16213.98716077,2128.306666666667
2021-07-12 12:00:00,0.06017320101815038,33807,2034.27540682061,21539.55217691,2105.76
2021-07-12 15:00:00,0.26884090208878125,53139,14285.936696095747,46375.13768595,2077.726666666667
2021-07-12 18:00:00,0.06030643851697787,31750,1914.7294229140473,44316.24573414,2024.9466666666667
2021-07-12 21:00:00,0.005022110619201956,24572,123.40330213503046,17751.94367105,2031.0433333333333
2021-07-13 00:00:00,0.060797606984074985,24947,1516.7179014317187,15958.99130268,2030.4866666666667
2021-07-13 03:00:00,0.16685345918170832,25792,4303.484419214621,36786.31877604,2026.8866666666665
2021-07-13 06:00:00,0.06853457550711972,25133,1722.4794862204399,13272.045510659998,2004.3066666666666
2021-07-13 09:00:00,0.12371909142297934,26357,3260.8640926354665,14006.893469120001,2026.3000000000002
2021-07-13 12:00:00,0.055198501585001246,36297,2003.5400120307902,41464.95043595,1981.9566666666667
2021-07-13 15:00:00,0.18849024926354285,42626,8034.585365107778,24462.17121435,1988.4233333333334
2021-07-13 18:00:00,-0.07353405773297127,29644,-2179.8436074362003,48761.91869459,1957.5433333333333
2021-07-13 21:00:00,-0.018434595359708653,21288,-392.4356660174778,23178.483217420002,1942.8866666666665
2021-07-14 00:00:00,0.0012017265028178765,20570,24.71951416296372,31634.74683162,1917.3566666666666
2021-07-14 03:00:00,0.07876173998214037,21177,1667.9373676017865,30263.86289186,1896.7766666666666
2021-07-14 06:00:00,0.04890435573765515,23006,1125.0936081004943,14536.40323995,1883.62
2021-07-14 09:00:00,0.02152980013358765,24993,538.0942947387562,21434.39823889,1919.7966666666669
2021-07-14 12:00:00,0.07506076528481112,36787,2761.2603725323465,33207.21392511,1965.8266666666666
2021-07-14 15:00:00,0.05975277378435784,34431,2057.3477541692246,21468.57575217,2002.7066666666667
2021-07-14 18:00:00,-0.04323889685920198,27482,-1188.2913634845888,22419.29157326,1989.756666666667
2021-07-14 21:00:00,-0.06211598412138971,22505,-1397.9202226518755,20387.042062570003,1996.3933333333334
2021-07-15 00:00:00,-0.010952573539493603,21093,-231.02263366853856,32336.142091790003,1999.4133333333332
2021-07-15 03:00:00,0.013546756517266683,19456,263.56569479994056,26624.58630749,1980.506666666667
2021-07-15 06:00:00,-0.011868518476075063,23088,-274.02035457562107,23238.15659214,1956.96
2021-07-15 09:00:00,-0.004366403201179486,25234,-110.18181837856315,31650.64895854,1945.8633333333335
2021-07-15 12:00:00,-0.015148732961780181,31740,-480.82078420690294,50862.01870089,1910.2833333333335
2021-07-15 15:00:00,-0.023533766256494424,34565,-813.4446306557297,30870.59933975,1912.1333333333332
2021-07-15 18:00:00,-0.027946760400267612,27817,-777.3950340542442,17230.129813569998,1909.9966666666667
2021-07-15 21:00:00,-0.06904436933809976,21877,-1510.4836680096087,16665.46254602,1922.1066666666666
2021-07-16 00:00:00,-0.05549445979353555,20394,-1131.7540130293642,22098.99109306,1917.1566666666668
2021-07-16 03:00:00,0.0033362506145891,19613,65.43388330393601,12308.28203659,1947.4933333333336
2021-07-16 06:00:00,-0.0041801742501077835,21589,-90.24578188557693,19988.86405149,1916.3733333333332
2021-07-16 09:00:00,0.07304040356690913,27958,2042.0636029236455,19525.23789558,1869.9766666666667
2021-07-16 12:00:00,0.028131132452333764,33259,935.6133342321687,37628.00525928,1880.0566666666666
2021-07-16 15:00:00,0.0267062984796432,33279,888.7589071040461,26719.70113165,1924.3966666666668
2021-07-16 18:00:00,-0.048819667469243,27197,-1327.7484961610019,25215.026929350002,1919.2866666666669
2021-07-16 21:00:00,-0.07856767654939915,20209,-1587.7741753868074,20737.57361237,1892.4633333333331
2021-07-17 00:00:00,-0.05903327130292616,18238,-1076.6488020227673,20721.594436029998,1883.6133333333335
2021-07-17 03:00:00,-0.010675768831816448,18590,-198.46254258346775,11953.77316126,1871.3100000000002
2021-07-17 06:00:00,-0.016052898925914515,19695,-316.1618443458864,9066.00964474,1886.03
2021-07-17 09:00:00,-0.0072617448249177804,20159,-146.38951392551755,14852.93086939,1877.0366666666669
2021-07-17 12:00:00,-0.04102567762291923,26502,-1087.2625083626053,14832.924485799998,1874.2566666666664
2021-07-17 15:00:00,0.0013993954729149204,27529,38.52395797387484,13419.91271051,1890.0900000000001
