time,sentiment_score,tweet volume,Weighted Sentiment,Volume LINK,open LINK
2021-06-01 00:00:00,0.03234467843610995,23568,762.2993813822393,1198740.88,31.644246666666664
2021-06-01 03:00:00,0.03915905956052937,19750,773.391426320455,407143.67000000004,30.690003333333333
2021-06-01 06:00:00,0.020239276561083146,23477,475.157495824549,376519.03,30.938583333333337
2021-06-01 09:00:00,0.006470430079751599,24964,161.5278165109189,254523.09000000003,29.784106666666663
2021-06-01 12:00:00,0.0854241677689737,36552,3122.4241802915267,539626.78,30.191623333333336
2021-06-01 15:00:00,0.050746999407550106,40993,2080.2717467137013,422922.04999999993,29.85258333333333
2021-06-01 18:00:00,0.06559790290045056,33467,2195.3650163693787,310841.24,29.837796666666666
2021-06-01 21:00:00,-0.03984656694525473,23715,-944.9613351067159,393660.38,30.33089
2021-06-02 00:00:00,0.013595492764292076,20898,284.11860778817584,333352.61,30.37348
2021-06-02 03:00:00,0.03903823874147935,19846,774.7528860633993,179652.68,30.434133333333335
2021-06-02 06:00:00,0.015497104041803635,26953,417.6934452387334,151957.93,30.694173333333335
2021-06-02 09:00:00,0.0553036447180218,30576,1690.9642408982345,209239.53000000003,30.67748333333333
2021-06-02 12:00:00,0.09392973416942847,41862,3932.086531800615,384961.52,30.52038333333333
2021-06-02 15:00:00,0.03835321946578979,40080,1537.1970361888548,418593.26,31.52024
2021-06-02 18:00:00,-0.02974802744234932,30541,-908.5345061167906,240551.64,31.328523333333333
2021-06-02 21:00:00,-0.05682847943417437,24168,-1373.4306909651261,187993.12,30.81078666666667
2021-06-03 00:00:00,0.03758038118370825,21363,802.8296832275594,181192.49,30.489860000000004
2021-06-03 03:00:00,-0.005126917625830216,19439,-99.66215172851356,234639.19,30.94053333333333
2021-06-03 06:00:00,-0.017329473584347697,23761,-411.7656218376856,192158.55,31.76120333333333
2021-06-03 09:00:00,-0.04635340142330052,27647,-1281.5324891499895,313295.79,32.225206666666665
2021-06-03 12:00:00,-0.008175939596924503,33475,-273.6895780070477,413105.94,31.964783333333333
2021-06-03 15:00:00,0.0007969095985832,34317,27.347546694579673,341524.03,31.99244333333333
2021-06-03 18:00:00,-0.03433204605091571,29155,-1000.9508026144474,247511.22999999998,31.969173333333334
2021-06-03 21:00:00,-0.022190629403385745,23302,-517.0860463576946,227452.81,32.05014
2021-06-04 00:00:00,0.015807762208879996,36009,569.2217093795598,964485.04,31.194333333333333
2021-06-04 03:00:00,0.04774875471327038,32337,1544.0514811630242,503472.35,29.972333333333335
2021-06-04 06:00:00,-0.014714982857113257,34061,-501.20703109613464,431866.46,28.36091
2021-06-04 09:00:00,0.012215307945817587,36893,450.65935604504824,333876.4,28.400943333333334
2021-06-04 12:00:00,0.015806580121741624,48048,759.4745616894415,540043.33,28.49871333333333
2021-06-04 15:00:00,0.016662252944197296,45316,755.0666544192446,272859.47,28.776233333333334
2021-06-04 18:00:00,0.005606588165676892,36342,203.75462711702963,247032.44,29.171936666666667
2021-06-04 21:00:00,0.002907889183603872,29779,86.5940319985397,343532.35,29.33381
2021-06-05 00:00:00,0.08052197042115114,26599,2141.803891232199,227191.84,29.41782333333333
2021-06-05 03:00:00,0.09894486661977724,25290,2502.315676814166,118928.74999999999,29.617596666666667
2021-06-05 06:00:00,0.017312554790551583,28654,496.07394496846507,245002.34,29.53334
2021-06-05 09:00:00,-0.009153960596281575,32188,-294.6476836731114,389669.66000000003,28.846926666666672
2021-06-05 12:00:00,-0.016227839680172038,38570,-625.9077764642354,570373.74,27.565086666666662
2021-06-05 15:00:00,-0.022508809515219826,40174,-904.2689134644413,443765.58999999997,27.328706666666665
2021-06-05 18:00:00,-0.049255565239036195,41443,-2041.298390201377,275770.6,27.191573333333334
2021-06-05 21:00:00,-0.07232575183479648,45985,-3325.8996981231157,548204.76,26.661906666666667
2021-06-06 00:00:00,-0.039449913993465056,32022,-1263.265145898738,205108.38999999998,27.19256
2021-06-06 03:00:00,-0.05725167481704903,33161,-1898.5227886081627,238737.13999999998,27.49199333333333
2021-06-06 06:00:00,0.005304356308278314,32961,174.8368882771615,114995.19,27.70893666666667
2021-06-06 09:00:00,-0.02543186552821271,32795,-834.0380299977359,72924.68000000001,27.900869999999998
2021-06-06 12:00:00,-0.03673376410054389,41759,-1533.9652550746123,189736.06,27.34354666666667
2021-06-06 15:00:00,-0.021900451679222128,44309,-970.3871134546532,212789.75,27.572703333333333
2021-06-06 18:00:00,-0.07388260423822687,46171,-3411.233720283173,153992.44,27.15679
2021-06-06 21:00:00,-0.038661989759768804,32463,-1255.0841735713748,116368.04999999999,27.26424
2021-06-07 00:00:00,0.010833281831757339,26317,285.0994779663579,288276.22,27.834923333333332
2021-06-07 03:00:00,0.01631475427069032,26410,430.8726602889314,173930.73,28.165589999999998
2021-06-07 06:00:00,0.08491772614109877,30963,2629.3075545068414,120241.76,27.99135
2021-06-07 09:00:00,0.10008702318429052,34128,3415.769927233467,175469.62,28.120140000000003
2021-06-07 12:00:00,0.01448583306422113,45762,662.9006926848873,196406.03,28.336699999999997
2021-06-07 15:00:00,-0.014093520827501694,43239,-609.3897470603457,274164.1,27.727243333333334
2021-06-07 18:00:00,-0.04152315602492705,44580,-1851.1022955912479,811801.95,26.95694
2021-06-07 21:00:00,-0.07090219352735207,40209,-2850.906299541299,1175427.3499999999,25.261689999999998
2021-06-08 00:00:00,-0.020850434773221887,32025,-667.7351736124309,870222.95,24.707483333333332
2021-06-08 03:00:00,0.025596089033275267,30269,774.768018948209,780968.5,23.83344333333333
2021-06-08 06:00:00,-0.03352799720309754,31446,-1054.3214000486053,343188.89,23.842183333333335
2021-06-08 09:00:00,-0.06507734587020786,28906,-1881.1257597242284,260605.87,23.94272666666667
2021-06-08 12:00:00,0.04011390983775901,49081,1968.83080874705,1025965.44,23.72055333333333
2021-06-08 15:00:00,-0.046574577516606215,49921,-2325.049484206499,1484689.47,22.585273333333333
2021-06-08 18:00:00,-0.10506679627574551,40751,-4281.577015032905,830438.84,23.564246666666666
2021-06-08 21:00:00,-0.08133330477302603,29486,-2398.1938245374454,347090.89,24.244960000000003
2021-06-09 00:00:00,-0.01232533882575113,25839,-318.47442991858344,759594.79,23.507566666666666
2021-06-09 03:00:00,-0.05002388208333163,32932,-1647.3864847682773,426012.58999999997,23.022993333333332
2021-06-09 06:00:00,-0.023902956075993565,41576,-993.7893018155085,300926.98,23.741726666666665
2021-06-09 09:00:00,-0.016489962206382096,33733,-556.2558951078872,252798.02000000002,23.581806666666665
2021-06-09 12:00:00,-0.010043659000703186,48576,-487.88077961815793,463662.43000000005,24.126936666666666
2021-06-09 15:00:00,-0.007179465502560386,55675,-399.71674185504946,859002.29,24.669549999999997
2021-06-09 18:00:00,-0.03139600029591383,46511,-1460.259369763248,472776.23,24.995806666666667
2021-06-09 21:00:00,-0.04251435309680492,38950,-1655.9340531205517,343651.28,25.112026666666665
2021-06-10 00:00:00,-0.038908746980023924,36189,-1408.0686444600858,337844.17000000004,25.202073333333335
2021-06-10 03:00:00,0.047498985515582,30756,1460.87879851724,285160.93,24.81748
2021-06-10 06:00:00,0.07218848676555856,29283,2113.8954579558513,266997.69,24.480273333333333
2021-06-10 09:00:00,0.01955096565450205,34487,674.2541525268122,262138.63,24.298743333333334
2021-06-10 12:00:00,0.03916546203969296,56851,2226.5956824185846,289637.28,24.43329
2021-06-10 15:00:00,0.03451017460260563,49283,1700.7649349402132,476666.8,23.67493
2021-06-10 18:00:00,-0.044256379495910596,37153,-1644.2572674115663,435826.31,23.28203333333333
2021-06-10 21:00:00,-0.015161853908162435,28072,-425.62356290993586,231528.08000000002,23.327906666666667
2021-06-11 00:00:00,0.01175575245535841,26153,307.4481939649885,409949.5399999999,22.811809999999998
2021-06-11 03:00:00,0.07085553232118683,23863,1690.8255677804812,344285.20999999996,22.99928
2021-06-11 06:00:00,0.0628580302748709,25248,1587.0395483799405,112808.33,22.763423333333336
2021-06-11 09:00:00,0.050785075211438505,29956,1521.3177130338518,99358.8,22.97525
2021-06-11 12:00:00,0.009761598822140801,35777,349.24072105973147,252578.91999999998,23.06795
2021-06-11 15:00:00,-0.0037341933476275745,39419,-147.19816757013135,452650.16000000003,22.449609999999996
2021-06-11 18:00:00,-0.034081562882158016,32217,-1098.0057113744847,633635.7200000001,22.084189999999996
2021-06-11 21:00:00,-0.05270043123941758,25991,-1369.7369083437025,763476.2699999999,21.380830000000003
2021-06-12 00:00:00,-0.051589971277156255,21775,-1123.3716245600774,895549.06,21.027886666666664
2021-06-12 03:00:00,-0.02144482424939872,20118,-431.4269742494035,517790.9,20.299833333333332
2021-06-12 06:00:00,0.012357039578296248,20322,251.11975831013635,228540.04,20.38996
2021-06-12 09:00:00,0.0012056217937166942,21629,26.076393776298378,298768.58,20.63003
2021-06-12 12:00:00,0.14722868573370307,39513,5817.447059395809,430674.46,21.556449999999998
2021-06-12 15:00:00,0.07937448264974732,33778,2681.111274943165,404521.52,21.690706666666667
2021-06-12 18:00:00,-0.026559932525407153,27258,-723.9706407775482,410610.3300000001,22.09262
2021-06-12 21:00:00,0.04870617492446918,24850,1210.3484468730592,211993.44999999998,21.960043333333335
2021-06-13 00:00:00,0.06286049841559821,22005,1383.2452676352386,275000.82,21.857979999999998
2021-06-13 03:00:00,0.1114520727347893,22776,2538.4324086075612,396590.75,21.253130000000002
2021-06-13 06:00:00,0.08984611148373398,22482,2019.9202783773073,118667.69,20.854583333333334
2021-06-13 09:00:00,0.042115039896960485,22962,967.0455461140067,79281.11,21.02068
2021-06-13 12:00:00,0.04485119069104991,29984,1344.8181016804406,205463.08000000002,20.932783333333333
2021-06-13 15:00:00,0.01042959146420884,37700,393.19559820067326,525068.1499999999,20.88676
2021-06-13 18:00:00,-0.010644049020403827,44749,-476.31054961405084,769624.11,22.206286666666667
2021-06-13 21:00:00,-0.02433359543310899,33196,-807.778033997486,580790.78,23.616366666666668
2021-06-14 00:00:00,0.009124704526405741,24898,227.18689329845014,423330.39,23.380533333333336
2021-06-14 03:00:00,0.03239248349219341,23296,754.6152954341377,307786.11,23.328453333333332
2021-06-14 06:00:00,0.11848350913556917,31031,3676.661771985847,267037.0,23.477943333333332
2021-06-14 09:00:00,0.08768310538325394,34501,3025.1548188276442,274508.08,23.02142333333333
2021-06-14 12:00:00,0.06049286234371589,49413,2989.1338069900335,667885.74,23.422503333333335
2021-06-14 15:00:00,0.039049558659880544,44386,1733.2537106774578,548183.51,24.527613333333335
2021-06-14 18:00:00,-0.020803468435998312,36677,-763.0088118271101,352112.75,24.263223333333332
2021-06-14 21:00:00,-0.0138305155105998,28850,-399.0103724808042,312926.4,24.35880333333333
2021-06-15 00:00:00,0.036457989618422205,29441,1073.359672355968,472783.68,25.13938333333333
2021-06-15 03:00:00,0.05802340534951375,26779,1553.8087718546287,377788.37,25.709196666666667
2021-06-15 06:00:00,0.03400094082741213,24960,848.6634830522069,215731.71,26.157816666666672
2021-06-15 09:00:00,0.07942803653323341,28160,2236.693508775853,243807.72999999998,25.752746666666667
2021-06-15 12:00:00,0.0705125785293021,38362,2705.003537541087,683083.6799999999,25.722693333333336
2021-06-15 15:00:00,0.0488917046309725,37504,1833.6344904799926,263298.18,25.088759999999997
2021-06-15 18:00:00,-0.032821598353511915,36066,-1183.7437662177608,616154.0,25.283320000000003
2021-06-15 21:00:00,-0.0881115111803385,25664,-2261.293822932207,204948.68,24.760746666666666
2021-06-16 00:00:00,-0.022454370018898943,22420,-503.4269758237143,387971.0800000001,24.258396666666666
2021-06-16 03:00:00,0.058246821287576335,21365,1244.4433368090683,175780.36,24.279840000000004
2021-06-16 06:00:00,0.04475926034916912,22083,988.4187462907016,149565.07,24.458346666666667
2021-06-16 09:00:00,0.09701152604765222,26815,2601.3640709677943,291416.16,24.186276666666668
2021-06-16 12:00:00,0.1125508082205496,35739,4022.453334994222,274975.74,23.675323333333335
2021-06-16 15:00:00,0.03919168024613822,38959,1526.8686707092988,428020.83,23.271246666666666
2021-06-16 18:00:00,-0.01571467588965728,36431,-572.5013573361043,472787.84,23.566433333333332
2021-06-16 21:00:00,-0.012504271063630742,25912,-324.0106718007998,323533.69,23.48787
2021-06-17 00:00:00,0.07108036421562988,23222,1650.6282178153572,189116.2,23.42611666666667
2021-06-17 03:00:00,0.12918163345072892,23529,3039.514653462201,136530.37,23.93161333333333
2021-06-17 06:00:00,0.10851900934447478,25401,2756.491356359004,146521.66999999998,24.078023333333334
2021-06-17 09:00:00,-0.04352839305194667,31871,-1387.2934149585922,123744.94,24.290536666666668
2021-06-17 12:00:00,0.008111107959376775,41519,336.76509136536436,250318.39,23.820873333333335
2021-06-17 15:00:00,0.07533785575055656,50676,3817.821178015204,515024.88,23.714593333333337
2021-06-17 18:00:00,-0.023013585131834352,39059,-898.887621664318,308465.68,22.949166666666667
2021-06-17 21:00:00,0.03543690779584607,29293,1038.0533400637191,170463.89,23.077973333333333
2021-06-18 00:00:00,-0.006261592303108258,25853,-161.8809458122578,245034.06,22.96969
2021-06-18 03:00:00,0.04767302432976268,23498,1120.2207257007633,181492.38,22.82294
2021-06-18 06:00:00,0.02608036326903697,23944,624.4682181138212,112592.31999999999,22.62082
2021-06-18 09:00:00,-0.012315874369797484,25954,-319.6462033937239,262907.11,22.596320000000002
2021-06-18 12:00:00,-0.010983134036112932,33736,-370.5270098423059,637721.74,22.229406666666666
2021-06-18 15:00:00,0.06709105099003147,39072,2621.38154428251,555822.02,21.471946666666668
2021-06-18 18:00:00,-0.005576302049883618,33608,-187.40835929248863,632991.9,20.838863333333332
2021-06-18 21:00:00,0.0035091241346272358,23819,83.58382776268613,288213.94,21.137116666666667
2021-06-19 00:00:00,0.05578262095617037,21944,1224.0938342622026,256592.11,21.392516666666666
2021-06-19 03:00:00,0.04761453855147921,20164,960.0995553520268,292800.08999999997,20.887983333333334
2021-06-19 06:00:00,0.01717758151593142,20448,351.2471868377657,80755.89,21.42775
2021-06-19 09:00:00,0.006327236092593431,22407,141.77437912674102,161003.32,21.336460000000002
2021-06-19 12:00:00,0.07349342990854106,33434,2457.1793355621617,192918.3,21.41982
2021-06-19 15:00:00,0.03101463511989107,32485,1007.5104218696615,160573.89,21.52839
2021-06-19 18:00:00,-0.06064671071042907,26723,-1620.662050314796,278023.4,20.94418333333333
2021-06-19 21:00:00,-0.028208784691276537,19556,-551.650993422604,261262.09,20.758033333333334
2021-06-20 00:00:00,0.019767990801734574,17200,340.0094417898347,271418.33,20.381036666666667
2021-06-20 03:00:00,0.08397635960578739,17063,1432.8886239535502,201591.22,20.561429999999998
2021-06-20 06:00:00,0.08837611847885268,18390,1625.236818826101,55706.579999999994,20.572763333333334
2021-06-20 09:00:00,0.08620421519918715,24919,2148.1228385485447,586441.45,19.990803333333332
2021-06-20 12:00:00,-0.010532492529260603,29776,-313.61549755126373,408192.48,19.519003333333334
2021-06-20 15:00:00,-0.015989721300417026,31483,-503.4043957010292,313166.79000000004,20.163993333333334
2021-06-20 18:00:00,-0.0630346002229293,28368,-1788.1655391240583,434487.09,20.803733333333337
2021-06-20 21:00:00,-0.09382846088477322,21755,-2041.2381665482412,294837.67,21.834336666666662
2021-06-21 00:00:00,-0.14873773808869564,22604,-3362.0678317568763,375050.0,21.494583333333335
2021-06-21 03:00:00,-0.11830789955940048,23852,-2821.88002029082,899536.09,20.670516666666668
2021-06-21 06:00:00,-0.06078578972830051,26939,-1637.5083894906875,933281.8,19.70606666666667
2021-06-21 09:00:00,-0.05813865144398523,33459,-1945.2611386643018,1133520.4100000001,18.818849999999998
2021-06-21 12:00:00,-0.03906739094491781,44574,-1741.3898839787664,920331.48,18.757773333333333
2021-06-21 15:00:00,-0.044779835459679694,43983,-1969.551503023092,1231755.48,18.642496666666666
2021-06-21 18:00:00,-0.09177111068588165,35402,-3248.880860501582,925177.0900000001,18.560100000000002
2021-06-21 21:00:00,-0.10473391656640282,31506,-3299.7467753410874,1623013.0699999998,17.69228666666667
2021-06-22 00:00:00,-0.023849498461446537,28488,-679.4245121696889,1277287.08,17.679613333333336
2021-06-22 03:00:00,0.0020355022905205276,21089,42.926707804787405,467134.04000000004,18.408136666666667
2021-06-22 06:00:00,0.03038961730097596,25148,764.2380958849434,362991.69999999995,17.936446666666665
2021-06-22 09:00:00,-0.06414249873522136,27458,-1761.2247302717083,1009611.89,16.85323
2021-06-22 12:00:00,-0.06276165925371457,57499,-3608.7326454293343,2903095.2199999997,15.711963333333335
2021-06-22 15:00:00,-0.041369356832347354,45100,-1865.7579931388657,1839347.81,16.926053333333332
2021-06-22 18:00:00,-0.03911344471799594,35111,-1373.3121574935553,798288.9400000001,17.47411333333333
2021-06-22 21:00:00,-0.07977399860236069,25458,-2030.8864564188984,755021.1299999999,17.10045666666667
2021-06-23 00:00:00,-0.060645722006537096,25832,-1566.6002908728663,1227824.9,17.48874
2021-06-23 03:00:00,-0.010835820020254782,23049,-249.75481564685245,460438.9,18.437843333333333
2021-06-23 06:00:00,0.035443410515428646,24151,855.9938073581172,278930.54,18.864549999999998
2021-06-23 09:00:00,0.014159563753352904,25594,362.39987470331425,301759.05,18.575496666666666
2021-06-23 12:00:00,0.021037595021976233,35428,745.319916438574,630355.9199999999,18.64668
2021-06-23 15:00:00,0.053114023899901705,36257,1925.7551645387362,373716.18999999994,18.39876
2021-06-23 18:00:00,-0.0294657925139015,33071,-974.4632242272364,510948.47,17.739726666666666
2021-06-23 21:00:00,-0.01920359953764019,23739,-455.8742494240405,298764.13,17.880816666666664
2021-06-24 00:00:00,0.046400210686979,21949,1018.438224368502,467662.66000000003,17.988776666666666
2021-06-24 03:00:00,0.07340383407326144,22941,1683.9573574746908,252541.08000000002,17.61558
2021-06-24 06:00:00,0.006992243632056278,23272,162.7234938052137,270463.2,18.16851
2021-06-24 09:00:00,0.007229220402668722,22772,164.62380700957215,217183.33000000002,18.513263333333335
2021-06-24 12:00:00,0.0004305560561664217,28810,12.404319978154609,292443.98,18.958146666666668
2021-06-24 15:00:00,-0.008726593347223657,34933,-304.846085398564,511848.85000000003,19.044213333333335
2021-06-24 18:00:00,-0.024950034074189272,32802,-818.4110177015565,355772.2,19.233216666666664
2021-06-24 21:00:00,-0.06457607991945352,24016,-1550.8591353455959,237130.38999999998,18.953280000000003
2021-06-25 00:00:00,-0.04772051653999355,25177,-1201.4594449274175,402113.33,19.012283333333333
2021-06-25 03:00:00,-0.0076169401577812395,24670,-187.90991369246316,218720.54,19.129916666666663
2021-06-25 06:00:00,-0.05177485475957263,23614,-1222.611420292548,173484.86000000002,18.669833333333333
2021-06-25 09:00:00,-0.06074514394318205,24704,-1500.6480359723694,256663.38,18.156486666666666
2021-06-25 12:00:00,-0.04980084534438454,32183,-1602.7406057183275,469461.3,17.866950000000003
2021-06-25 15:00:00,-0.05329391775063816,38423,-2047.71220173277,667441.23,17.494043333333334
2021-06-25 18:00:00,-0.05174992950507877,32767,-1695.689940092916,442028.35,17.323383333333336
2021-06-25 21:00:00,-0.09977142878581205,22988,-2293.5456049282475,646995.4299999999,17.24377
2021-06-26 00:00:00,-0.03677247527981223,18997,-698.5667128905928,586710.21,17.08244666666667
2021-06-26 03:00:00,-0.004541155230190839,17956,-81.54098331330671,222586.28,17.20675
2021-06-26 06:00:00,0.049504141664884545,22669,1122.2093874012678,343458.3,16.848086666666667
2021-06-26 09:00:00,0.06912823463711718,24400,1686.728925145659,326200.45,16.409766666666666
2021-06-26 12:00:00,0.06265666476969532,31804,1992.73256633539,394148.4,16.52597666666667
2021-06-26 15:00:00,0.0013080986220584115,33342,43.614624256671554,603880.05,16.421233333333333
2021-06-26 18:00:00,-0.02121891562697382,25756,-546.5143908883377,213085.76,16.47456
2021-06-26 21:00:00,-0.060620141000927115,19279,-1168.695698356874,534831.5599999999,16.4779
2021-06-27 00:00:00,-0.0654031061959987,18403,-1203.6133633249642,478870.04000000004,17.09855333333333
2021-06-27 03:00:00,-0.005276765164287832,15939,-84.10635995358375,264119.67,17.404773333333335
2021-06-27 06:00:00,-0.036144474476967475,17224,-622.5524283912878,200870.46,17.19866
2021-06-27 09:00:00,-0.014112377536409232,18088,-255.2646848785702,194667.12,16.94241666666667
2021-06-27 12:00:00,-0.025662825168191898,27013,-693.2298962683677,284554.84,17.009273333333336
2021-06-27 15:00:00,-0.02249721260750628,29458,-662.7228889919201,187022.73,16.997686666666667
2021-06-27 18:00:00,-0.013097356125350854,25209,-330.1712505639697,255820.56,16.788766666666664
2021-06-27 21:00:00,-0.042324308778794714,23963,-1014.2174112662577,543498.52,17.185143333333333
2021-06-28 00:00:00,-0.013817248875108944,19941,-275.52975981854746,456661.79000000004,18.273846666666667
2021-06-28 03:00:00,0.11004474180843753,22685,2496.3649679244054,239837.93,18.134333333333334
2021-06-28 06:00:00,0.15313254719198913,28022,4291.080237413919,302293.41000000003,18.384913333333333
2021-06-28 09:00:00,0.05176399988527267,26013,1346.536929015598,265114.27,18.450976666666666
2021-06-28 12:00:00,0.05256994647702332,33439,1757.886440245183,355781.27,18.135486666666665
2021-06-28 15:00:00,0.05214923871572957,37181,1938.9608446895413,458818.72000000003,18.88355
2021-06-28 18:00:00,0.018155428176657346,30421,552.3062805620931,220805.64,18.871723333333332
2021-06-28 21:00:00,-0.030074434015043814,23613,-710.1476103972295,328164.92000000004,19.125863333333335
2021-06-29 00:00:00,-0.022622474887152386,21604,-488.73594746204014,327313.59,19.09888666666667
2021-06-29 03:00:00,0.056029484052299496,18870,1057.2763640668916,197056.13,19.068550000000002
2021-06-29 06:00:00,0.032088607117243546,21755,698.0876478356333,265560.56000000006,19.333513333333332
2021-06-29 09:00:00,0.016933431837395103,27510,465.8387098467393,322201.24,19.731166666666667
2021-06-29 12:00:00,0.02167522251675353,38122,826.302832783678,495832.73,20.11724
2021-06-29 15:00:00,0.010245158239178995,35609,364.8198397389248,310477.05,20.331303333333334
2021-06-29 18:00:00,-0.06106108604600572,30990,-1892.2830565657173,381182.26,20.103313333333332
2021-06-29 21:00:00,-0.09550276104396543,23425,-2237.15217745489,405942.5,19.67627
2021-06-30 00:00:00,-0.022662148151961617,20116,-455.8717722248599,325354.84,19.50608
2021-06-30 03:00:00,-0.037965907802633835,19444,-738.2091113144123,297505.85,19.159296666666666
2021-06-30 06:00:00,-0.0013320887568349627,20424,-27.206580769597277,232607.92,19.096793333333334
2021-06-30 09:00:00,-0.01457316365557497,23110,-336.78581208033756,239471.0,18.76091666666667
2021-06-30 12:00:00,-0.02253694033653447,31636,-712.9786444866045,243339.0,18.850986666666667
2021-06-30 15:00:00,0.023232364783066024,38226,888.0803761974818,441786.75,18.43474
2021-06-30 18:00:00,-0.029299390882187408,32122,-941.1550339176239,460157.42000000004,19.07995
2021-06-30 21:00:00,-0.034508403198788444,24830,-856.8436514259171,298249.93,19.31814
2021-07-01 00:00:00,-0.06697430286925622,20977,-1404.9199512883877,283354.22,19.32999
2021-07-01 03:00:00,-0.01812108790115389,18632,-337.63210977429924,304872.0,18.660163333333333
2021-07-01 06:00:00,-0.01945861025027097,21202,-412.5614545262451,518893.86,18.270766666666663
2021-07-01 09:00:00,-0.004227576393141911,25459,-107.62986739299991,267862.2,17.855966666666664
2021-07-01 12:00:00,-0.026968391829299495,29478,-794.9742543440905,199892.15000000002,18.059716666666667
2021-07-01 15:00:00,0.0038456863503095536,36938,142.0519624077343,200252.68,17.930206666666667
2021-07-01 18:00:00,-0.011348646776976744,31944,-362.5211726437451,282924.0,18.031109999999998
2021-07-01 21:00:00,-0.026302163760505284,24554,-645.8233289754468,339490.41000000003,18.264229999999998
2021-07-02 00:00:00,-0.0046426065577279355,21617,-100.35922595840478,194122.35,18.257066666666663
2021-07-02 03:00:00,0.013545927734966528,19228,260.4610984879364,342200.92000000004,17.8875
2021-07-02 06:00:00,0.06705316206429304,23193,1555.1639877571486,316408.20999999996,17.646356666666666
2021-07-02 09:00:00,0.08910385300239036,26863,2393.5968032032124,276290.43,17.53505
2021-07-02 12:00:00,0.03428112568375264,34001,1165.5925543732735,200698.39,17.56152333333333
2021-07-02 15:00:00,0.016331704016799932,32601,532.4298826516946,230420.63,17.988410000000002
2021-07-02 18:00:00,-0.037858240474507907,30116,-1140.1387701302801,98072.28,17.71644333333333
2021-07-02 21:00:00,-0.0765469323443396,23144,-1771.6022021773956,329889.39,17.860263333333332
2021-07-03 00:00:00,-0.039302388525706895,17687,-695.1413458541779,175910.25,18.148753333333335
2021-07-03 03:00:00,0.015138576149927781,15547,235.3594434029272,83618.70999999999,18.00992666666667
2021-07-03 06:00:00,0.017541838812505043,18593,326.15540904090625,159008.55000000002,18.241713333333333
2021-07-03 09:00:00,0.09392928864429331,23087,2168.5454869307996,183506.24,18.675369999999997
2021-07-03 12:00:00,0.09436923509017657,32084,3027.742538633225,172638.87,18.582216666666667
2021-07-03 15:00:00,0.05840967476587131,30309,1770.3388324787936,189070.16,18.69991
2021-07-03 18:00:00,0.018917784359699867,23217,439.21419947915183,167076.09999999998,18.724896666666666
2021-07-03 21:00:00,-0.006051313084067261,19082,-115.47115627017148,236655.87,18.513426666666664
2021-07-04 00:00:00,-0.001823768386342408,16571,-30.221665930080043,206977.91,18.29186
2021-07-04 03:00:00,0.046188103970772755,15172,700.7659134445643,180508.63,18.27325
2021-07-04 06:00:00,-0.012276913772001944,19979,-245.28046025082682,175334.38999999998,18.84222
2021-07-04 09:00:00,0.04732197688721202,18214,861.9224870236798,90083.71,18.992226666666667
2021-07-04 12:00:00,0.008440956436753246,25867,218.3422201494962,160492.71,18.943206666666665
2021-07-04 15:00:00,0.015088164249073301,31277,471.91251321826564,229857.5,19.178616666666667
2021-07-04 18:00:00,-0.05880046635237629,32181,-1892.2578076858215,147708.88,19.483040000000003
2021-07-04 21:00:00,-0.07434591295213724,22633,-1682.6710478457223,319317.92,19.53489
2021-07-05 00:00:00,0.020490762108963192,20473,419.5073726568034,228665.9,18.981626666666667
2021-07-05 03:00:00,0.0635127406692405,19309,1226.3675095823646,116856.47,18.68214
2021-07-05 06:00:00,0.041002103273592105,22480,921.7272815903506,29729.699999999997,18.721136666666666
2021-07-05 09:00:00,0.03561212987689659,23963,853.373468240073,175925.39,18.814666666666668
2021-07-05 12:00:00,0.019638514120091616,32392,636.1307493780076,149994.81,18.085303333333332
2021-07-05 15:00:00,0.03861102832118056,35391,1366.4829033149013,180777.01,18.201449999999998
2021-07-05 18:00:00,-0.06341462810913982,29748,-1886.4583569906915,221017.89,18.428793333333335
2021-07-05 21:00:00,-0.04164922351769247,18843,-784.7963187438793,134349.46999999997,18.584796666666666
2021-07-06 00:00:00,0.05141745215011018,18662,959.5524920253562,168402.8,18.552913333333336
2021-07-06 03:00:00,0.05181243950036994,20261,1049.7718367169955,455009.89,19.139526666666665
2021-07-06 06:00:00,0.06534169197900962,21519,1406.087869696308,276669.06,19.693236666666664
2021-07-06 09:00:00,-0.0034236431195577496,24648,-84.38595561085941,303570.97000000003,19.521110000000004
2021-07-06 12:00:00,-0.020366336587268233,31033,-632.028523312695,448633.78,19.572653333333335
2021-07-06 15:00:00,0.009665146363858965,30808,297.763829177767,447860.95,19.786983333333332
2021-07-06 18:00:00,-0.06142082436554146,26720,-1641.1644270472677,347629.86,19.988870000000002
2021-07-06 21:00:00,-0.05649648439791594,21950,-1240.0978325342548,346724.27999999997,19.761426666666665
2021-07-07 00:00:00,0.0691178697806404,20735,1433.1590299015786,316266.08999999997,20.02047333333333
2021-07-07 03:00:00,0.12442861861160413,22650,2818.3082115528337,425922.56999999995,20.888796666666668
2021-07-07 06:00:00,0.07046165894970478,23002,1620.7590791611094,203608.55000000002,20.945396666666664
2021-07-07 09:00:00,0.030200151161924958,22470,678.5973966084538,143811.26,20.733823333333333
2021-07-07 12:00:00,0.05419238263745346,32439,1757.946700376353,333183.76,20.890866666666668
2021-07-07 15:00:00,0.09191704036344438,36608,3364.8990136249718,293202.64,20.462356666666665
2021-07-07 18:00:00,-0.0762190865546226,29880,-2277.4263062521236,163370.18,20.512606666666667
2021-07-07 21:00:00,-0.0916303493178531,23867,-2186.9415471692,291115.86,20.251683333333332
2021-07-08 00:00:00,-0.015719597635528187,21844,-343.37889075047775,428665.05,19.48074
2021-07-08 03:00:00,-0.0776318257958804,20951,-1626.4643822494904,329263.24,19.28525
2021-07-08 06:00:00,-0.1461372866397441,26333,-3848.233169084381,374979.18,18.760736666666666
2021-07-08 09:00:00,-0.08498566144106902,30248,-2570.6462872694556,197888.28,18.65125
2021-07-08 12:00:00,0.06284978373805136,43142,2711.465370027012,276811.5,18.708963333333333
2021-07-08 15:00:00,0.024702203822079844,43159,1066.122414757144,253177.37,18.95887666666667
2021-07-08 18:00:00,-0.030950385557283886,31202,-965.7139301583718,196326.47,18.89351
2021-07-08 21:00:00,-0.06148321509680404,23361,-1436.3093878764391,253705.41999999998,18.410523333333334
2021-07-09 00:00:00,-0.009092615567518876,22823,-207.5207650974833,439069.54000000004,17.973633333333336
2021-07-09 03:00:00,0.00523915492002598,23391,122.5490727343277,229668.14,18.250453333333333
2021-07-09 06:00:00,-0.0026216910166973638,24492,-64.21045638095184,111198.34,18.25063
2021-07-09 09:00:00,-0.03197562140994378,26127,-835.4270605776012,101926.48,17.940376666666666
2021-07-09 12:00:00,-0.0397198769369274,33207,-1318.9779534445481,321831.11,18.191783333333333
2021-07-09 15:00:00,-0.018489582892922494,33248,-614.7416520238871,169193.91999999998,18.62024
2021-07-09 18:00:00,-0.075803518019645,29435,-2231.2765529082503,141692.86,18.382369999999998
2021-07-09 21:00:00,-0.11624707034199087,22864,-2657.8730162992792,157431.75,18.656973333333337
2021-07-10 00:00:00,0.0015548891877625408,21283,33.092706583150154,304497.04000000004,18.708686666666665
2021-07-10 03:00:00,0.05339122194164332,19693,1051.433333696782,193874.71000000002,18.270543333333336
2021-07-10 06:00:00,-0.04608748228843039,20197,-930.8288797794286,87815.77,18.21803
2021-07-10 09:00:00,-0.09052687570685466,21365,-1934.1066994769499,101598.0,18.088533333333334
2021-07-10 12:00:00,0.040366551232752665,36483,1472.6928886245155,105266.14,18.08264
2021-07-10 15:00:00,-0.015223160258040661,35216,-536.0988116471599,193258.81,18.23918
2021-07-10 18:00:00,-0.02180129038398876,24519,-534.5458389250203,148863.3,17.948563333333336
2021-07-10 21:00:00,-0.06909501655654805,18327,-1266.3043684318561,101907.74,18.050113333333332
2021-07-11 00:00:00,-0.04879888646253771,17212,-839.9264337931991,118754.43000000001,18.27196
2021-07-11 03:00:00,0.030026813398342067,20849,626.0290325420337,177378.84,18.05614
2021-07-11 06:00:00,0.0023360005331030716,21561,50.36650749423533,64732.0,18.02159
2021-07-11 09:00:00,-0.07561100425459036,22254,-1682.647288681654,71213.1,18.154706666666666
2021-07-11 12:00:00,-0.01830135980136962,27803,-508.8327065574795,60437.89,18.298029999999997
2021-07-11 15:00:00,0.09025141438018282,32896,2968.910527450494,108109.81,18.427139999999998
2021-07-11 18:00:00,-0.04964341435557302,24782,-1230.2630945598105,83092.91,18.260493333333333
2021-07-11 21:00:00,-0.04129826654556141,23516,-971.1700360854221,229516.97999999998,18.358473333333333
2021-07-12 00:00:00,0.06025262906322771,20218,1218.1876544003378,97726.23,18.32923666666667
2021-07-12 03:00:00,0.051347490108920577,19026,976.9373468123229,76352.9,18.48721
2021-07-12 06:00:00,0.018841246921794175,20127,379.21777679495136,47456.649999999994,18.48144333333333
2021-07-12 09:00:00,0.11855426977847419,26870,3185.5532289476014,143554.06,18.18847666666667
2021-07-12 12:00:00,0.06017320101815038,33807,2034.27540682061,103014.02,18.070400000000003
2021-07-12 15:00:00,0.26884090208878125,53139,14285.936696095747,435270.20999999996,17.78125
2021-07-12 18:00:00,0.06030643851697787,31750,1914.7294229140473,341674.3,17.321839999999998
2021-07-12 21:00:00,0.005022110619201956,24572,123.40330213503046,102775.54,17.451063333333334
2021-07-13 00:00:00,0.060797606984074985,24947,1516.7179014317187,113657.53,17.568830000000002
2021-07-13 03:00:00,0.16685345918170832,25792,4303.484419214621,144057.76,17.603933333333334
2021-07-13 06:00:00,0.06853457550711972,25133,1722.4794862204399,122289.16999999998,17.502613333333333
2021-07-13 09:00:00,0.12371909142297934,26357,3260.8640926354665,87781.72,17.644293333333334
2021-07-13 12:00:00,0.055198501585001246,36297,2003.5400120307902,163655.51,17.227603333333334
2021-07-13 15:00:00,0.18849024926354285,42626,8034.585365107778,206159.40999999997,17.28502333333333
2021-07-13 18:00:00,-0.07353405773297127,29644,-2179.8436074362003,473157.79000000004,16.962813333333333
2021-07-13 21:00:00,-0.018434595359708653,21288,-392.4356660174778,181231.89999999997,16.863249999999997
2021-07-14 00:00:00,0.0012017265028178765,20570,24.71951416296372,777513.61,16.588013333333333
2021-07-14 03:00:00,0.07876173998214037,21177,1667.9373676017865,320665.2,16.367813333333334
2021-07-14 06:00:00,0.04890435573765515,23006,1125.0936081004943,128085.64000000001,16.199383333333333
2021-07-14 09:00:00,0.02152980013358765,24993,538.0942947387562,182204.77999999997,16.48588333333333
2021-07-14 12:00:00,0.07506076528481112,36787,2761.2603725323465,269810.88,16.819869999999998
2021-07-14 15:00:00,0.05975277378435784,34431,2057.3477541692246,258961.96000000002,17.203403333333334
2021-07-14 18:00:00,-0.04323889685920198,27482,-1188.2913634845888,179750.78,17.012206666666668
2021-07-14 21:00:00,-0.06211598412138971,22505,-1397.9202226518755,184214.43,17.001126666666668
2021-07-15 00:00:00,-0.010952573539493603,21093,-231.02263366853856,305290.16,16.903876666666665
2021-07-15 03:00:00,0.013546756517266683,19456,263.56569479994056,134846.32,16.622386666666667
2021-07-15 06:00:00,-0.011868518476075063,23088,-274.02035457562107,84560.01000000001,16.410933333333332
2021-07-15 09:00:00,-0.004366403201179486,25234,-110.18181837856315,197895.65,16.397923333333335
2021-07-15 12:00:00,-0.015148732961780181,31740,-480.82078420690294,395766.78,16.12734
2021-07-15 15:00:00,-0.023533766256494424,34565,-813.4446306557297,589646.39,15.950000000000001
2021-07-15 18:00:00,-0.027946760400267612,27817,-777.3950340542442,619884.28,15.767523333333335
2021-07-15 21:00:00,-0.06904436933809976,21877,-1510.4836680096087,222729.87,15.821586666666667
2021-07-16 00:00:00,-0.05549445979353555,20394,-1131.7540130293642,291944.94,15.808250000000001
2021-07-16 03:00:00,0.0033362506145891,19613,65.43388330393601,161600.44,16.167716666666667
2021-07-16 06:00:00,-0.0041801742501077835,21589,-90.24578188557693,169165.83,15.818726666666668
2021-07-16 09:00:00,0.07304040356690913,27958,2042.0636029236455,255415.61,15.332283333333331
2021-07-16 12:00:00,0.028131132452333764,33259,935.6133342321687,459455.25,15.376963333333334
2021-07-16 15:00:00,0.0267062984796432,33279,888.7589071040461,376245.82,15.773153333333333
2021-07-16 18:00:00,-0.048819667469243,27197,-1327.7484961610019,208878.37,15.674983333333335
2021-07-16 21:00:00,-0.07856767654939915,20209,-1587.7741753868074,323574.49,15.360793333333334
2021-07-17 00:00:00,-0.05903327130292616,18238,-1076.6488020227673,446168.18999999994,15.36856
2021-07-17 03:00:00,-0.010675768831816448,18590,-198.46254258346775,234381.05,15.218236666666664
2021-07-17 06:00:00,-0.016052898925914515,19695,-316.1618443458864,183653.11,15.339393333333334
2021-07-17 09:00:00,-0.0072617448249177804,20159,-146.38951392551755,214810.41999999998,15.248946666666667
2021-07-17 12:00:00,-0.04102567762291923,26502,-1087.2625083626053,377589.44,15.256756666666666
2021-07-17 15:00:00,0.0013993954729149204,27529,38.52395797387484,134477.32,15.357350000000002
