time,sentiment_score,tweet volume,Weighted Sentiment,Volume XTZ,open XTZ
2021-06-01 00:00:00,0.03234467843610995,23568,762.2993813822393,798661.24,3.584566666666666
2021-06-01 03:00:00,0.03915905956052937,19750,773.391426320455,443682.29000000004,3.5117333333333334
2021-06-01 06:00:00,0.020239276561083146,23477,475.157495824549,495294.25,3.5885666666666665
2021-06-01 09:00:00,0.006470430079751599,24964,161.5278165109189,322651.70999999996,3.5014000000000003
2021-06-01 12:00:00,0.0854241677689737,36552,3122.4241802915267,528190.6100000001,3.6084333333333336
2021-06-01 15:00:00,0.050746999407550106,40993,2080.2717467137013,362623.19999999995,3.5659666666666667
2021-06-01 18:00:00,0.06559790290045056,33467,2195.3650163693787,420252.47000000003,3.564966666666667
2021-06-01 21:00:00,-0.03984656694525473,23715,-944.9613351067159,417745.37,3.638533333333333
2021-06-02 00:00:00,0.013595492764292076,20898,284.11860778817584,471030.21,3.6422333333333334
2021-06-02 03:00:00,0.03903823874147935,19846,774.7528860633993,484114.83999999997,3.686733333333333
2021-06-02 06:00:00,0.015497104041803635,26953,417.6934452387334,389494.68,3.7473666666666667
2021-06-02 09:00:00,0.0553036447180218,30576,1690.9642408982345,331147.13,3.7739333333333334
2021-06-02 12:00:00,0.09392973416942847,41862,3932.086531800615,387628.57,3.7838
2021-06-02 15:00:00,0.03835321946578979,40080,1537.1970361888548,353037.22,3.828433333333333
2021-06-02 18:00:00,-0.02974802744234932,30541,-908.5345061167906,363892.75,3.8348666666666666
2021-06-02 21:00:00,-0.05682847943417437,24168,-1373.4306909651261,313693.24,3.8274333333333335
2021-06-03 00:00:00,0.03758038118370825,21363,802.8296832275594,337177.11,3.783866666666667
2021-06-03 03:00:00,-0.005126917625830216,19439,-99.66215172851356,250151.26,3.7921666666666667
2021-06-03 06:00:00,-0.017329473584347697,23761,-411.7656218376856,290364.82,3.8703000000000003
2021-06-03 09:00:00,-0.04635340142330052,27647,-1281.5324891499895,394231.91000000003,3.943633333333333
2021-06-03 12:00:00,-0.008175939596924503,33475,-273.6895780070477,422036.08999999997,3.874166666666667
2021-06-03 15:00:00,0.0007969095985832,34317,27.347546694579673,280220.95999999996,3.836133333333333
2021-06-03 18:00:00,-0.03433204605091571,29155,-1000.9508026144474,288228.78,3.831466666666667
2021-06-03 21:00:00,-0.022190629403385745,23302,-517.0860463576946,226488.68,3.853666666666667
2021-06-04 00:00:00,0.015807762208879996,36009,569.2217093795598,570745.75,3.785733333333333
2021-06-04 03:00:00,0.04774875471327038,32337,1544.0514811630242,354533.68,3.673933333333333
2021-06-04 06:00:00,-0.014714982857113257,34061,-501.20703109613464,383505.32,3.5149666666666666
2021-06-04 09:00:00,0.012215307945817587,36893,450.65935604504824,230086.81,3.5005666666666664
2021-06-04 12:00:00,0.015806580121741624,48048,759.4745616894415,572675.04,3.5034666666666667
2021-06-04 15:00:00,0.016662252944197296,45316,755.0666544192446,279126.08999999997,3.538233333333333
2021-06-04 18:00:00,0.005606588165676892,36342,203.75462711702963,155359.97999999998,3.5737
2021-06-04 21:00:00,0.002907889183603872,29779,86.5940319985397,245779.59,3.6102000000000003
2021-06-05 00:00:00,0.08052197042115114,26599,2141.803891232199,209284.34000000003,3.6205000000000003
2021-06-05 03:00:00,0.09894486661977724,25290,2502.315676814166,141749.55,3.6389666666666667
2021-06-05 06:00:00,0.017312554790551583,28654,496.07394496846507,123584.92000000001,3.6527
2021-06-05 09:00:00,-0.009153960596281575,32188,-294.6476836731114,406450.1,3.5586
2021-06-05 12:00:00,-0.016227839680172038,38570,-625.9077764642354,365195.28,3.4406999999999996
2021-06-05 15:00:00,-0.022508809515219826,40174,-904.2689134644413,242957.43,3.4217666666666666
2021-06-05 18:00:00,-0.049255565239036195,41443,-2041.298390201377,224226.53,3.3958666666666666
2021-06-05 21:00:00,-0.07232575183479648,45985,-3325.8996981231157,456192.83999999997,3.3405
2021-06-06 00:00:00,-0.039449913993465056,32022,-1263.265145898738,222432.16,3.436666666666666
2021-06-06 03:00:00,-0.05725167481704903,33161,-1898.5227886081627,210660.9,3.449033333333334
2021-06-06 06:00:00,0.005304356308278314,32961,174.8368882771615,113745.20999999999,3.485333333333333
2021-06-06 09:00:00,-0.02543186552821271,32795,-834.0380299977359,142738.87,3.5214999999999996
2021-06-06 12:00:00,-0.03673376410054389,41759,-1533.9652550746123,313541.22,3.4863999999999997
2021-06-06 15:00:00,-0.021900451679222128,44309,-970.3871134546532,536064.78,3.5953
2021-06-06 18:00:00,-0.07388260423822687,46171,-3411.233720283173,1066834.42,3.660933333333334
2021-06-06 21:00:00,-0.038661989759768804,32463,-1255.0841735713748,1721962.6099999999,3.8334999999999995
2021-06-07 00:00:00,0.010833281831757339,26317,285.0994779663579,943821.22,3.8519
2021-06-07 03:00:00,0.01631475427069032,26410,430.8726602889314,525327.46,3.9057
2021-06-07 06:00:00,0.08491772614109877,30963,2629.3075545068414,684854.75,3.914766666666667
2021-06-07 09:00:00,0.10008702318429052,34128,3415.769927233467,1207742.0,4.0367
2021-06-07 12:00:00,0.01448583306422113,45762,662.9006926848873,1132788.6099999999,4.050999999999999
2021-06-07 15:00:00,-0.014093520827501694,43239,-609.3897470603457,868525.5,3.933566666666666
2021-06-07 18:00:00,-0.04152315602492705,44580,-1851.1022955912479,1295645.0899999999,3.819433333333333
2021-06-07 21:00:00,-0.07090219352735207,40209,-2850.906299541299,998490.7,3.6217
2021-06-08 00:00:00,-0.020850434773221887,32025,-667.7351736124309,1196430.03,3.499066666666667
2021-06-08 03:00:00,0.025596089033275267,30269,774.768018948209,2206431.77,3.295733333333333
2021-06-08 06:00:00,-0.03352799720309754,31446,-1054.3214000486053,898790.77,3.2809333333333335
2021-06-08 09:00:00,-0.06507734587020786,28906,-1881.1257597242284,830567.63,3.3340666666666667
2021-06-08 12:00:00,0.04011390983775901,49081,1968.83080874705,1306433.44,3.3457000000000003
2021-06-08 15:00:00,-0.046574577516606215,49921,-2325.049484206499,1343376.8900000001,3.251466666666667
2021-06-08 18:00:00,-0.10506679627574551,40751,-4281.577015032905,749160.97,3.4267333333333334
2021-06-08 21:00:00,-0.08133330477302603,29486,-2398.1938245374454,327029.12,3.4623333333333335
2021-06-09 00:00:00,-0.01232533882575113,25839,-318.47442991858344,472539.65,3.3443333333333336
2021-06-09 03:00:00,-0.05002388208333163,32932,-1647.3864847682773,241782.40999999997,3.2999666666666667
2021-06-09 06:00:00,-0.023902956075993565,41576,-993.7893018155085,250422.93,3.399366666666667
2021-06-09 09:00:00,-0.016489962206382096,33733,-556.2558951078872,331521.70999999996,3.373666666666667
2021-06-09 12:00:00,-0.010043659000703186,48576,-487.88077961815793,432932.16000000003,3.4426
2021-06-09 15:00:00,-0.007179465502560386,55675,-399.71674185504946,515815.52,3.4259000000000004
2021-06-09 18:00:00,-0.03139600029591383,46511,-1460.259369763248,385290.78,3.443733333333333
2021-06-09 21:00:00,-0.04251435309680492,38950,-1655.9340531205517,342642.94,3.4415666666666667
2021-06-10 00:00:00,-0.038908746980023924,36189,-1408.0686444600858,500038.45,3.4879333333333338
2021-06-10 03:00:00,0.047498985515582,30756,1460.87879851724,205241.72,3.4345666666666665
2021-06-10 06:00:00,0.07218848676555856,29283,2113.8954579558513,173648.98,3.4029000000000003
2021-06-10 09:00:00,0.01955096565450205,34487,674.2541525268122,281515.24,3.363433333333333
2021-06-10 12:00:00,0.03916546203969296,56851,2226.5956824185846,179242.66999999998,3.3787
2021-06-10 15:00:00,0.03451017460260563,49283,1700.7649349402132,232367.87,3.3241
2021-06-10 18:00:00,-0.044256379495910596,37153,-1644.2572674115663,312420.57999999996,3.300933333333333
2021-06-10 21:00:00,-0.015161853908162435,28072,-425.62356290993586,158642.18,3.2844
2021-06-11 00:00:00,0.01175575245535841,26153,307.4481939649885,231679.86000000002,3.2393666666666667
2021-06-11 03:00:00,0.07085553232118683,23863,1690.8255677804812,149243.78,3.281866666666667
2021-06-11 06:00:00,0.0628580302748709,25248,1587.0395483799405,102985.93,3.2605333333333335
2021-06-11 09:00:00,0.050785075211438505,29956,1521.3177130338518,89840.73,3.2867666666666664
2021-06-11 12:00:00,0.009761598822140801,35777,349.24072105973147,177026.48,3.3268999999999997
2021-06-11 15:00:00,-0.0037341933476275745,39419,-147.19816757013135,362660.56,3.2348666666666666
2021-06-11 18:00:00,-0.034081562882158016,32217,-1098.0057113744847,273999.73,3.2269
2021-06-11 21:00:00,-0.05270043123941758,25991,-1369.7369083437025,330630.86,3.1429666666666662
2021-06-12 00:00:00,-0.051589971277156255,21775,-1123.3716245600774,512945.32999999996,3.0674333333333337
2021-06-12 03:00:00,-0.02144482424939872,20118,-431.4269742494035,250690.44,2.961233333333333
2021-06-12 06:00:00,0.012357039578296248,20322,251.11975831013635,135968.73,2.9842999999999997
2021-06-12 09:00:00,0.0012056217937166942,21629,26.076393776298378,335488.56,3.0375666666666667
2021-06-12 12:00:00,0.14722868573370307,39513,5817.447059395809,144615.40000000002,3.1414666666666666
2021-06-12 15:00:00,0.07937448264974732,33778,2681.111274943165,158386.68,3.1516
2021-06-12 18:00:00,-0.026559932525407153,27258,-723.9706407775482,215052.86,3.1849333333333334
2021-06-12 21:00:00,0.04870617492446918,24850,1210.3484468730592,133012.30000000002,3.186066666666667
2021-06-13 00:00:00,0.06286049841559821,22005,1383.2452676352386,121979.86,3.158666666666667
2021-06-13 03:00:00,0.1114520727347893,22776,2538.4324086075612,163525.86,3.065533333333333
2021-06-13 06:00:00,0.08984611148373398,22482,2019.9202783773073,92269.74,3.038233333333334
2021-06-13 09:00:00,0.042115039896960485,22962,967.0455461140067,119718.13,3.090633333333333
2021-06-13 12:00:00,0.04485119069104991,29984,1344.8181016804406,358763.74,3.0658333333333334
2021-06-13 15:00:00,0.01042959146420884,37700,393.19559820067326,266642.02,3.077833333333333
2021-06-13 18:00:00,-0.010644049020403827,44749,-476.31054961405084,347469.33,3.211933333333333
2021-06-13 21:00:00,-0.02433359543310899,33196,-807.778033997486,264488.37,3.3059999999999996
2021-06-14 00:00:00,0.009124704526405741,24898,227.18689329845014,283539.99,3.2854666666666668
2021-06-14 03:00:00,0.03239248349219341,23296,754.6152954341377,197097.49000000002,3.2458666666666667
2021-06-14 06:00:00,0.11848350913556917,31031,3676.661771985847,74824.95999999999,3.2747999999999995
2021-06-14 09:00:00,0.08768310538325394,34501,3025.1548188276442,107192.23000000001,3.2160666666666664
2021-06-14 12:00:00,0.06049286234371589,49413,2989.1338069900335,252413.41999999998,3.2579
2021-06-14 15:00:00,0.039049558659880544,44386,1733.2537106774578,298695.45999999996,3.3096666666666668
2021-06-14 18:00:00,-0.020803468435998312,36677,-763.0088118271101,244715.93,3.3094
2021-06-14 21:00:00,-0.0138305155105998,28850,-399.0103724808042,180165.75,3.3020333333333327
2021-06-15 00:00:00,0.036457989618422205,29441,1073.359672355968,219670.87,3.3305666666666665
2021-06-15 03:00:00,0.05802340534951375,26779,1553.8087718546287,148492.54,3.3452333333333333
2021-06-15 06:00:00,0.03400094082741213,24960,848.6634830522069,116089.49,3.3642
2021-06-15 09:00:00,0.07942803653323341,28160,2236.693508775853,161711.05,3.2971333333333335
2021-06-15 12:00:00,0.0705125785293021,38362,2705.003537541087,330012.35,3.3084333333333333
2021-06-15 15:00:00,0.0488917046309725,37504,1833.6344904799926,183631.79,3.2666333333333335
2021-06-15 18:00:00,-0.032821598353511915,36066,-1183.7437662177608,281954.72,3.2816666666666667
2021-06-15 21:00:00,-0.0881115111803385,25664,-2261.293822932207,120585.15,3.266466666666666
2021-06-16 00:00:00,-0.022454370018898943,22420,-503.4269758237143,149320.3,3.2473333333333336
2021-06-16 03:00:00,0.058246821287576335,21365,1244.4433368090683,115586.57,3.275866666666667
2021-06-16 06:00:00,0.04475926034916912,22083,988.4187462907016,90078.12999999999,3.297966666666667
2021-06-16 09:00:00,0.09701152604765222,26815,2601.3640709677943,242707.54000000004,3.276266666666667
2021-06-16 12:00:00,0.1125508082205496,35739,4022.453334994222,287787.76,3.168833333333333
2021-06-16 15:00:00,0.03919168024613822,38959,1526.8686707092988,399926.93,3.1368333333333336
2021-06-16 18:00:00,-0.01571467588965728,36431,-572.5013573361043,273466.58999999997,3.1669
2021-06-16 21:00:00,-0.012504271063630742,25912,-324.0106718007998,213291.34000000003,3.1517666666666666
2021-06-17 00:00:00,0.07108036421562988,23222,1650.6282178153572,123902.68000000001,3.1506333333333334
2021-06-17 03:00:00,0.12918163345072892,23529,3039.514653462201,85176.90000000001,3.2015333333333333
2021-06-17 06:00:00,0.10851900934447478,25401,2756.491356359004,39857.0,3.210433333333333
2021-06-17 09:00:00,-0.04352839305194667,31871,-1387.2934149585922,50988.5,3.2111
2021-06-17 12:00:00,0.008111107959376775,41519,336.76509136536436,1458941.77,3.3066
2021-06-17 15:00:00,0.07533785575055656,50676,3817.821178015204,550698.48,3.391666666666666
2021-06-17 18:00:00,-0.023013585131834352,39059,-898.887621664318,615346.2,3.323033333333333
2021-06-17 21:00:00,0.03543690779584607,29293,1038.0533400637191,462472.4,3.371333333333333
2021-06-18 00:00:00,-0.006261592303108258,25853,-161.8809458122578,302204.02,3.3217
2021-06-18 03:00:00,0.04767302432976268,23498,1120.2207257007633,162604.38,3.3137000000000003
2021-06-18 06:00:00,0.02608036326903697,23944,624.4682181138212,118279.40000000001,3.2632
2021-06-18 09:00:00,-0.012315874369797484,25954,-319.6462033937239,367763.49,3.2526666666666664
2021-06-18 12:00:00,-0.010983134036112932,33736,-370.5270098423059,435306.14,3.1947666666666668
2021-06-18 15:00:00,0.06709105099003147,39072,2621.38154428251,466059.72,3.104233333333333
2021-06-18 18:00:00,-0.005576302049883618,33608,-187.40835929248863,392080.06,3.0393333333333334
2021-06-18 21:00:00,0.0035091241346272358,23819,83.58382776268613,149038.64,3.0730000000000004
2021-06-19 00:00:00,0.05578262095617037,21944,1224.0938342622026,185864.73,3.107666666666667
2021-06-19 03:00:00,0.04761453855147921,20164,960.0995553520268,218188.83,3.0724
2021-06-19 06:00:00,0.01717758151593142,20448,351.2471868377657,124634.41,3.1461
2021-06-19 09:00:00,0.006327236092593431,22407,141.77437912674102,79728.22,3.1366333333333336
2021-06-19 12:00:00,0.07349342990854106,33434,2457.1793355621617,102500.98999999999,3.1250999999999998
2021-06-19 15:00:00,0.03101463511989107,32485,1007.5104218696615,109441.88,3.149033333333333
2021-06-19 18:00:00,-0.06064671071042907,26723,-1620.662050314796,215866.78999999998,3.1011666666666664
2021-06-19 21:00:00,-0.028208784691276537,19556,-551.650993422604,126216.9,3.0738
2021-06-20 00:00:00,0.019767990801734574,17200,340.0094417898347,168935.47,3.0240333333333336
2021-06-20 03:00:00,0.08397635960578739,17063,1432.8886239535502,94132.97,3.0479333333333334
2021-06-20 06:00:00,0.08837611847885268,18390,1625.236818826101,75855.86,3.085033333333333
2021-06-20 09:00:00,0.08620421519918715,24919,2148.1228385485447,411336.3,3.0078666666666662
2021-06-20 12:00:00,-0.010532492529260603,29776,-313.61549755126373,311571.23,2.9229000000000003
2021-06-20 15:00:00,-0.015989721300417026,31483,-503.4043957010292,218219.88,2.9953333333333334
2021-06-20 18:00:00,-0.0630346002229293,28368,-1788.1655391240583,134973.78,3.0363666666666664
2021-06-20 21:00:00,-0.09382846088477322,21755,-2041.2381665482412,92820.09,3.081433333333333
2021-06-21 00:00:00,-0.14873773808869564,22604,-3362.0678317568763,104553.39,3.0500666666666665
2021-06-21 03:00:00,-0.11830789955940048,23852,-2821.88002029082,252593.44999999998,2.9743666666666666
2021-06-21 06:00:00,-0.06078578972830051,26939,-1637.5083894906875,470549.91000000003,2.8847
2021-06-21 09:00:00,-0.05813865144398523,33459,-1945.2611386643018,778030.8500000001,2.7491
2021-06-21 12:00:00,-0.03906739094491781,44574,-1741.3898839787664,414454.60000000003,2.7199000000000004
2021-06-21 15:00:00,-0.044779835459679694,43983,-1969.551503023092,502580.52,2.6966666666666668
2021-06-21 18:00:00,-0.09177111068588165,35402,-3248.880860501582,247262.32,2.6875
2021-06-21 21:00:00,-0.10473391656640282,31506,-3299.7467753410874,843532.73,2.579266666666667
2021-06-22 00:00:00,-0.023849498461446537,28488,-679.4245121696889,629841.41,2.5281333333333333
2021-06-22 03:00:00,0.0020355022905205276,21089,42.926707804787405,303794.28,2.6199333333333334
2021-06-22 06:00:00,0.03038961730097596,25148,764.2380958849434,274431.87,2.5640666666666667
2021-06-22 09:00:00,-0.06414249873522136,27458,-1761.2247302717083,1022770.09,2.429866666666667
2021-06-22 12:00:00,-0.06276165925371457,57499,-3608.7326454293343,2378377.88,2.238666666666667
2021-06-22 15:00:00,-0.041369356832347354,45100,-1865.7579931388657,1251008.06,2.373266666666667
2021-06-22 18:00:00,-0.03911344471799594,35111,-1373.3121574935553,575795.77,2.4353666666666665
2021-06-22 21:00:00,-0.07977399860236069,25458,-2030.8864564188984,552511.12,2.4008333333333334
2021-06-23 00:00:00,-0.060645722006537096,25832,-1566.6002908728663,749403.35,2.4648666666666665
2021-06-23 03:00:00,-0.010835820020254782,23049,-249.75481564685245,427078.64,2.5883333333333334
2021-06-23 06:00:00,0.035443410515428646,24151,855.9938073581172,237418.6,2.6674
2021-06-23 09:00:00,0.014159563753352904,25594,362.39987470331425,312649.8,2.6985999999999994
2021-06-23 12:00:00,0.021037595021976233,35428,745.319916438574,361290.66,2.6968666666666667
2021-06-23 15:00:00,0.053114023899901705,36257,1925.7551645387362,356471.02999999997,2.6481333333333335
2021-06-23 18:00:00,-0.0294657925139015,33071,-974.4632242272364,276031.54,2.602933333333333
2021-06-23 21:00:00,-0.01920359953764019,23739,-455.8742494240405,262462.02,2.6227666666666667
2021-06-24 00:00:00,0.046400210686979,21949,1018.438224368502,342509.27999999997,2.654566666666667
2021-06-24 03:00:00,0.07340383407326144,22941,1683.9573574746908,233344.02000000002,2.624033333333333
2021-06-24 06:00:00,0.006992243632056278,23272,162.7234938052137,156115.61000000002,2.7121999999999997
2021-06-24 09:00:00,0.007229220402668722,22772,164.62380700957215,97231.70999999999,2.740766666666667
2021-06-24 12:00:00,0.0004305560561664217,28810,12.404319978154609,189265.78999999998,2.780466666666667
2021-06-24 15:00:00,-0.008726593347223657,34933,-304.846085398564,302840.02,2.809466666666667
2021-06-24 18:00:00,-0.024950034074189272,32802,-818.4110177015565,250367.96000000002,2.814133333333333
2021-06-24 21:00:00,-0.06457607991945352,24016,-1550.8591353455959,231820.73,2.793533333333334
2021-06-25 00:00:00,-0.04772051653999355,25177,-1201.4594449274175,280437.12,2.8202
2021-06-25 03:00:00,-0.0076169401577812395,24670,-187.90991369246316,192534.83,2.8023000000000002
2021-06-25 06:00:00,-0.05177485475957263,23614,-1222.611420292548,242872.34000000003,2.7252333333333336
2021-06-25 09:00:00,-0.06074514394318205,24704,-1500.6480359723694,175101.43,2.6511666666666667
2021-06-25 12:00:00,-0.04980084534438454,32183,-1602.7406057183275,258900.96999999997,2.6081333333333334
2021-06-25 15:00:00,-0.05329391775063816,38423,-2047.71220173277,570962.97,2.5642333333333336
2021-06-25 18:00:00,-0.05174992950507877,32767,-1695.689940092916,266753.84,2.5484666666666667
2021-06-25 21:00:00,-0.09977142878581205,22988,-2293.5456049282475,351637.75,2.5312666666666668
2021-06-26 00:00:00,-0.03677247527981223,18997,-698.5667128905928,243705.27,2.5612999999999997
2021-06-26 03:00:00,-0.004541155230190839,17956,-81.54098331330671,172106.61,2.5907
2021-06-26 06:00:00,0.049504141664884545,22669,1122.2093874012678,253259.26999999996,2.5200333333333336
2021-06-26 09:00:00,0.06912823463711718,24400,1686.728925145659,122843.45999999999,2.4426333333333337
2021-06-26 12:00:00,0.06265666476969532,31804,1992.73256633539,193623.24,2.4870666666666668
2021-06-26 15:00:00,0.0013080986220584115,33342,43.614624256671554,133454.82,2.4787666666666666
2021-06-26 18:00:00,-0.02121891562697382,25756,-546.5143908883377,122591.05,2.4857333333333336
2021-06-26 21:00:00,-0.060620141000927115,19279,-1168.695698356874,200152.85000000003,2.4812666666666665
2021-06-27 00:00:00,-0.0654031061959987,18403,-1203.6133633249642,230079.94,2.5597
2021-06-27 03:00:00,-0.005276765164287832,15939,-84.10635995358375,53832.54,2.575633333333333
2021-06-27 06:00:00,-0.036144474476967475,17224,-622.5524283912878,56875.22,2.5484666666666667
2021-06-27 09:00:00,-0.014112377536409232,18088,-255.2646848785702,130653.44,2.5154666666666667
2021-06-27 12:00:00,-0.025662825168191898,27013,-693.2298962683677,140790.07,2.5171333333333337
2021-06-27 15:00:00,-0.02249721260750628,29458,-662.7228889919201,157203.8,2.530666666666667
2021-06-27 18:00:00,-0.013097356125350854,25209,-330.1712505639697,149972.0,2.492033333333333
2021-06-27 21:00:00,-0.042324308778794714,23963,-1014.2174112662577,268633.94999999995,2.5208666666666666
2021-06-28 00:00:00,-0.013817248875108944,19941,-275.52975981854746,135116.97,2.6076666666666664
2021-06-28 03:00:00,0.11004474180843753,22685,2496.3649679244054,92976.36,2.5838666666666668
2021-06-28 06:00:00,0.15313254719198913,28022,4291.080237413919,126699.89,2.6229666666666667
2021-06-28 09:00:00,0.05176399988527267,26013,1346.536929015598,95780.53,2.6537666666666664
2021-06-28 12:00:00,0.05256994647702332,33439,1757.886440245183,191582.54,2.6311
2021-06-28 15:00:00,0.05214923871572957,37181,1938.9608446895413,297655.33,2.711233333333334
2021-06-28 18:00:00,0.018155428176657346,30421,552.3062805620931,226638.56,2.7053666666666665
2021-06-28 21:00:00,-0.030074434015043814,23613,-710.1476103972295,153078.21,2.7100333333333335
2021-06-29 00:00:00,-0.022622474887152386,21604,-488.73594746204014,321282.19000000006,2.7635
2021-06-29 03:00:00,0.056029484052299496,18870,1057.2763640668916,95771.82999999999,2.7684666666666664
2021-06-29 06:00:00,0.032088607117243546,21755,698.0876478356333,307387.77,2.8001000000000005
2021-06-29 09:00:00,0.016933431837395103,27510,465.8387098467393,278055.68,2.9041
2021-06-29 12:00:00,0.02167522251675353,38122,826.302832783678,305626.85000000003,2.9172666666666665
2021-06-29 15:00:00,0.010245158239178995,35609,364.8198397389248,237825.65,2.9416999999999995
2021-06-29 18:00:00,-0.06106108604600572,30990,-1892.2830565657173,293523.28,2.934366666666667
2021-06-29 21:00:00,-0.09550276104396543,23425,-2237.15217745489,333509.77999999997,2.9269666666666665
2021-06-30 00:00:00,-0.022662148151961617,20116,-455.8717722248599,365359.88,2.9824333333333333
2021-06-30 03:00:00,-0.037965907802633835,19444,-738.2091113144123,351283.27,2.9197333333333333
2021-06-30 06:00:00,-0.0013320887568349627,20424,-27.206580769597277,209626.09999999998,2.8910666666666667
2021-06-30 09:00:00,-0.01457316365557497,23110,-336.78581208033756,145984.85,2.859833333333333
2021-06-30 12:00:00,-0.02253694033653447,31636,-712.9786444866045,282043.92,2.878766666666667
2021-06-30 15:00:00,0.023232364783066024,38226,888.0803761974818,381053.85,2.7877000000000005
2021-06-30 18:00:00,-0.029299390882187408,32122,-941.1550339176239,789105.99,2.863933333333333
2021-06-30 21:00:00,-0.034508403198788444,24830,-856.8436514259171,298555.73,2.9617
2021-07-01 00:00:00,-0.06697430286925622,20977,-1404.9199512883877,318133.33,3.040833333333333
2021-07-01 03:00:00,-0.01812108790115389,18632,-337.63210977429924,166498.71,2.9984333333333333
2021-07-01 06:00:00,-0.01945861025027097,21202,-412.5614545262451,227452.06,2.9422666666666664
2021-07-01 09:00:00,-0.004227576393141911,25459,-107.62986739299991,177020.65,2.898566666666667
2021-07-01 12:00:00,-0.026968391829299495,29478,-794.9742543440905,203894.19,2.9428
2021-07-01 15:00:00,0.0038456863503095536,36938,142.0519624077343,191453.28,2.8818
2021-07-01 18:00:00,-0.011348646776976744,31944,-362.5211726437451,212771.39,2.8854333333333333
2021-07-01 21:00:00,-0.026302163760505284,24554,-645.8233289754468,136856.16,2.9301333333333335
2021-07-02 00:00:00,-0.0046426065577279355,21617,-100.35922595840478,178862.93,2.922166666666667
2021-07-02 03:00:00,0.013545927734966528,19228,260.4610984879364,207180.66999999998,2.830066666666667
2021-07-02 06:00:00,0.06705316206429304,23193,1555.1639877571486,66064.61,2.799933333333333
2021-07-02 09:00:00,0.08910385300239036,26863,2393.5968032032124,187696.25,2.7857
2021-07-02 12:00:00,0.03428112568375264,34001,1165.5925543732735,154771.91,2.7871666666666663
2021-07-02 15:00:00,0.016331704016799932,32601,532.4298826516946,133390.82,2.839633333333333
2021-07-02 18:00:00,-0.037858240474507907,30116,-1140.1387701302801,168964.0,2.8399
2021-07-02 21:00:00,-0.0765469323443396,23144,-1771.6022021773956,403488.32,2.925666666666667
2021-07-03 00:00:00,-0.039302388525706895,17687,-695.1413458541779,104755.24,2.941333333333333
2021-07-03 03:00:00,0.015138576149927781,15547,235.3594434029272,49749.07000000001,2.899766666666667
2021-07-03 06:00:00,0.017541838812505043,18593,326.15540904090625,91413.54000000001,2.918433333333333
2021-07-03 09:00:00,0.09392928864429331,23087,2168.5454869307996,90009.51,2.9811666666666667
2021-07-03 12:00:00,0.09436923509017657,32084,3027.742538633225,328829.43000000005,2.988
2021-07-03 15:00:00,0.05840967476587131,30309,1770.3388324787936,177889.14,3.001533333333333
2021-07-03 18:00:00,0.018917784359699867,23217,439.21419947915183,93407.53,3.0007
2021-07-03 21:00:00,-0.006051313084067261,19082,-115.47115627017148,89252.25,2.9863666666666666
2021-07-04 00:00:00,-0.001823768386342408,16571,-30.221665930080043,103356.37999999999,2.9713
2021-07-04 03:00:00,0.046188103970772755,15172,700.7659134445643,86251.12,2.9552
2021-07-04 06:00:00,-0.012276913772001944,19979,-245.28046025082682,135573.22,3.0238
2021-07-04 09:00:00,0.04732197688721202,18214,861.9224870236798,122332.78,3.0492666666666666
2021-07-04 12:00:00,0.008440956436753246,25867,218.3422201494962,245951.28,3.0457
2021-07-04 15:00:00,0.015088164249073301,31277,471.91251321826564,290016.86,3.083766666666667
2021-07-04 18:00:00,-0.05880046635237629,32181,-1892.2578076858215,78261.43000000001,3.0914333333333333
2021-07-04 21:00:00,-0.07434591295213724,22633,-1682.6710478457223,160712.23,3.072366666666667
2021-07-05 00:00:00,0.020490762108963192,20473,419.5073726568034,212676.96,3.0088333333333335
2021-07-05 03:00:00,0.0635127406692405,19309,1226.3675095823646,108953.41,2.9753666666666665
2021-07-05 06:00:00,0.041002103273592105,22480,921.7272815903506,53714.259999999995,2.9804
2021-07-05 09:00:00,0.03561212987689659,23963,853.373468240073,125805.36,2.9892333333333334
2021-07-05 12:00:00,0.019638514120091616,32392,636.1307493780076,236120.99,2.851566666666667
2021-07-05 15:00:00,0.03861102832118056,35391,1366.4829033149013,290533.47000000003,2.8472999999999993
2021-07-05 18:00:00,-0.06341462810913982,29748,-1886.4583569906915,166405.65,2.8732333333333333
2021-07-05 21:00:00,-0.04164922351769247,18843,-784.7963187438793,188632.36,2.8593999999999995
2021-07-06 00:00:00,0.05141745215011018,18662,959.5524920253562,214341.91,2.863433333333333
2021-07-06 03:00:00,0.05181243950036994,20261,1049.7718367169955,209253.3,2.8939333333333335
2021-07-06 06:00:00,0.06534169197900962,21519,1406.087869696308,132049.47,2.9507
2021-07-06 09:00:00,-0.0034236431195577496,24648,-84.38595561085941,113671.36,2.9263666666666666
2021-07-06 12:00:00,-0.020366336587268233,31033,-632.028523312695,159417.96000000002,2.9248666666666665
2021-07-06 15:00:00,0.009665146363858965,30808,297.763829177767,250848.68,2.913766666666666
2021-07-06 18:00:00,-0.06142082436554146,26720,-1641.1644270472677,245673.44999999998,2.8817333333333335
2021-07-06 21:00:00,-0.05649648439791594,21950,-1240.0978325342548,163882.62,2.8346
2021-07-07 00:00:00,0.0691178697806404,20735,1433.1590299015786,168404.03999999998,2.866566666666667
2021-07-07 03:00:00,0.12442861861160413,22650,2818.3082115528337,351909.13,2.9204333333333334
2021-07-07 06:00:00,0.07046165894970478,23002,1620.7590791611094,138265.69,2.9339999999999997
2021-07-07 09:00:00,0.030200151161924958,22470,678.5973966084538,82052.53,2.918533333333334
2021-07-07 12:00:00,0.05419238263745346,32439,1757.946700376353,212996.99000000002,2.9252000000000002
2021-07-07 15:00:00,0.09191704036344438,36608,3364.8990136249718,304516.26,2.9005999999999994
2021-07-07 18:00:00,-0.0762190865546226,29880,-2277.4263062521236,177972.82,2.9339666666666666
2021-07-07 21:00:00,-0.0916303493178531,23867,-2186.9415471692,157140.2,2.9076999999999997
2021-07-08 00:00:00,-0.015719597635528187,21844,-343.37889075047775,303474.76,2.8353333333333333
2021-07-08 03:00:00,-0.0776318257958804,20951,-1626.4643822494904,237376.34999999998,2.8315
2021-07-08 06:00:00,-0.1461372866397441,26333,-3848.233169084381,294058.66000000003,2.7555
2021-07-08 09:00:00,-0.08498566144106902,30248,-2570.6462872694556,279819.62,2.673766666666667
2021-07-08 12:00:00,0.06284978373805136,43142,2711.465370027012,299220.81000000006,2.6663666666666663
2021-07-08 15:00:00,0.024702203822079844,43159,1066.122414757144,280004.95999999996,2.7139666666666664
2021-07-08 18:00:00,-0.030950385557283886,31202,-965.7139301583718,336626.9,2.7194333333333334
2021-07-08 21:00:00,-0.06148321509680404,23361,-1436.3093878764391,371025.23,2.6686333333333336
2021-07-09 00:00:00,-0.009092615567518876,22823,-207.5207650974833,317713.17,2.6351999999999998
2021-07-09 03:00:00,0.00523915492002598,23391,122.5490727343277,157835.63,2.6755666666666666
2021-07-09 06:00:00,-0.0026216910166973638,24492,-64.21045638095184,82024.31,2.6763666666666666
2021-07-09 09:00:00,-0.03197562140994378,26127,-835.4270605776012,112323.3,2.6497666666666664
2021-07-09 12:00:00,-0.0397198769369274,33207,-1318.9779534445481,179641.38,2.6679333333333335
2021-07-09 15:00:00,-0.018489582892922494,33248,-614.7416520238871,147029.8,2.7740333333333336
2021-07-09 18:00:00,-0.075803518019645,29435,-2231.2765529082503,86997.05,2.7648999999999995
2021-07-09 21:00:00,-0.11624707034199087,22864,-2657.8730162992792,69901.44,2.7739
2021-07-10 00:00:00,0.0015548891877625408,21283,33.092706583150154,126159.54000000001,2.7642333333333333
2021-07-10 03:00:00,0.05339122194164332,19693,1051.433333696782,102708.21,2.738766666666667
2021-07-10 06:00:00,-0.04608748228843039,20197,-930.8288797794286,79485.24,2.7691
2021-07-10 09:00:00,-0.09052687570685466,21365,-1934.1066994769499,73484.87,2.7391
2021-07-10 12:00:00,0.040366551232752665,36483,1472.6928886245155,77217.26000000001,2.7535666666666665
2021-07-10 15:00:00,-0.015223160258040661,35216,-536.0988116471599,240954.93999999997,2.7757000000000005
2021-07-10 18:00:00,-0.02180129038398876,24519,-534.5458389250203,140407.88,2.7305333333333337
2021-07-10 21:00:00,-0.06909501655654805,18327,-1266.3043684318561,221681.97,2.7479999999999998
2021-07-11 00:00:00,-0.04879888646253771,17212,-839.9264337931991,387712.58999999997,2.807233333333334
2021-07-11 03:00:00,0.030026813398342067,20849,626.0290325420337,185473.69,2.7671333333333337
2021-07-11 06:00:00,0.0023360005331030716,21561,50.36650749423533,142964.36,2.7701
2021-07-11 09:00:00,-0.07561100425459036,22254,-1682.647288681654,78009.55,2.8004
2021-07-11 12:00:00,-0.01830135980136962,27803,-508.8327065574795,89170.06,2.8153
2021-07-11 15:00:00,0.09025141438018282,32896,2968.910527450494,319579.18,2.843133333333333
2021-07-11 18:00:00,-0.04964341435557302,24782,-1230.2630945598105,109708.09,2.8275
2021-07-11 21:00:00,-0.04129826654556141,23516,-971.1700360854221,189050.56,2.8670666666666667
2021-07-12 00:00:00,0.06025262906322771,20218,1218.1876544003378,495352.14,2.8689666666666667
2021-07-12 03:00:00,0.051347490108920577,19026,976.9373468123229,261174.65,2.9261
2021-07-12 06:00:00,0.018841246921794175,20127,379.21777679495136,107873.68000000001,2.932366666666667
2021-07-12 09:00:00,0.11855426977847419,26870,3185.5532289476014,110393.13,2.8958
2021-07-12 12:00:00,0.06017320101815038,33807,2034.27540682061,162636.81,2.881733333333333
2021-07-12 15:00:00,0.26884090208878125,53139,14285.936696095747,296167.26999999996,2.8266666666666667
2021-07-12 18:00:00,0.06030643851697787,31750,1914.7294229140473,276102.5,2.7798000000000003
2021-07-12 21:00:00,0.005022110619201956,24572,123.40330213503046,101280.43,2.7997666666666667
2021-07-13 00:00:00,0.060797606984074985,24947,1516.7179014317187,309308.45999999996,2.8125
2021-07-13 03:00:00,0.16685345918170832,25792,4303.484419214621,373784.14,2.8354666666666666
2021-07-13 06:00:00,0.06853457550711972,25133,1722.4794862204399,161554.19,2.815533333333333
2021-07-13 09:00:00,0.12371909142297934,26357,3260.8640926354665,258023.83,2.8806
2021-07-13 12:00:00,0.055198501585001246,36297,2003.5400120307902,197960.64,2.8476999999999997
2021-07-13 15:00:00,0.18849024926354285,42626,8034.585365107778,481787.95,2.8853666666666666
2021-07-13 18:00:00,-0.07353405773297127,29644,-2179.8436074362003,446766.82999999996,2.8377999999999997
2021-07-13 21:00:00,-0.018434595359708653,21288,-392.4356660174778,236748.43,2.8052333333333332
2021-07-14 00:00:00,0.0012017265028178765,20570,24.71951416296372,501772.79,2.7304
2021-07-14 03:00:00,0.07876173998214037,21177,1667.9373676017865,429576.09,2.6166
2021-07-14 06:00:00,0.04890435573765515,23006,1125.0936081004943,212989.93,2.5689666666666664
2021-07-14 09:00:00,0.02152980013358765,24993,538.0942947387562,205279.3,2.606666666666667
2021-07-14 12:00:00,0.07506076528481112,36787,2761.2603725323465,203913.33000000002,2.6577333333333333
2021-07-14 15:00:00,0.05975277378435784,34431,2057.3477541692246,187881.54,2.6867
2021-07-14 18:00:00,-0.04323889685920198,27482,-1188.2913634845888,223935.72999999998,2.6625666666666667
2021-07-14 21:00:00,-0.06211598412138971,22505,-1397.9202226518755,148644.69,2.7227
2021-07-15 00:00:00,-0.010952573539493603,21093,-231.02263366853856,149161.78,2.7114666666666665
2021-07-15 03:00:00,0.013546756517266683,19456,263.56569479994056,117277.32,2.6528000000000005
2021-07-15 06:00:00,-0.011868518476075063,23088,-274.02035457562107,223666.46,2.612966666666667
2021-07-15 09:00:00,-0.004366403201179486,25234,-110.18181837856315,220722.62000000002,2.6296
2021-07-15 12:00:00,-0.015148732961780181,31740,-480.82078420690294,213797.72,2.5869
2021-07-15 15:00:00,-0.023533766256494424,34565,-813.4446306557297,254432.33000000002,2.5742
2021-07-15 18:00:00,-0.027946760400267612,27817,-777.3950340542442,227974.09000000003,2.5687333333333338
2021-07-15 21:00:00,-0.06904436933809976,21877,-1510.4836680096087,131526.26,2.5759333333333334
2021-07-16 00:00:00,-0.05549445979353555,20394,-1131.7540130293642,337916.94999999995,2.5871999999999997
2021-07-16 03:00:00,0.0033362506145891,19613,65.43388330393601,53818.67,2.6102333333333334
2021-07-16 06:00:00,-0.0041801742501077835,21589,-90.24578188557693,170400.61,2.5592666666666664
2021-07-16 09:00:00,0.07304040356690913,27958,2042.0636029236455,181186.87,2.4967333333333332
2021-07-16 12:00:00,0.028131132452333764,33259,935.6133342321687,220051.24,2.5110333333333332
2021-07-16 15:00:00,0.0267062984796432,33279,888.7589071040461,322434.27999999997,2.5719333333333334
2021-07-16 18:00:00,-0.048819667469243,27197,-1327.7484961610019,247274.55,2.5649
2021-07-16 21:00:00,-0.07856767654939915,20209,-1587.7741753868074,429623.69999999995,2.457966666666667
2021-07-17 00:00:00,-0.05903327130292616,18238,-1076.6488020227673,444288.56,2.4303000000000003
2021-07-17 03:00:00,-0.010675768831816448,18590,-198.46254258346775,267224.7,2.4038333333333335
2021-07-17 06:00:00,-0.016052898925914515,19695,-316.1618443458864,122027.16,2.440633333333333
2021-07-17 09:00:00,-0.0072617448249177804,20159,-146.38951392551755,129461.76,2.4256999999999995
2021-07-17 12:00:00,-0.04102567762291923,26502,-1087.2625083626053,100536.76,2.4213333333333336
2021-07-17 15:00:00,0.0013993954729149204,27529,38.52395797387484,102871.15000000001,2.420533333333333
