time,Actual Value,Predicted Value
2020-12-01 00:00:00,553.4359,578.0829
2020-12-01 03:00:00,557.4198,570.08563
2020-12-01 06:00:00,561.0311666666666,574.6725
2020-12-01 09:00:00,539.2473333333334,579.99585
2020-12-01 12:00:00,545.7964333333333,555.6834
2020-12-01 15:00:00,537.6281,561.47125
2020-12-01 18:00:00,535.8957666666666,554.9791
2020-12-01 21:00:00,536.2855666666667,557.47504
2020-12-02 00:00:00,535.1564333333334,555.50793
2020-12-02 03:00:00,545.4540000000001,552.46875
2020-12-02 06:00:00,550.1343999999999,564.748
2020-12-02 09:00:00,553.5051666666667,568.8848
2020-12-02 12:00:00,554.8015999999999,572.216
2020-12-02 15:00:00,560.1945333333333,572.4994
2020-12-02 18:00:00,558.9939666666666,578.3268
2020-12-02 21:00:00,562.7383333333333,578.4401
2020-12-03 00:00:00,567.0962333333333,580.31134
2020-12-03 03:00:00,567.1020666666667,585.0995
2020-12-03 06:00:00,577.1904333333333,584.58545
2020-12-03 09:00:00,579.1262666666668,592.11926
2020-12-03 12:00:00,589.6856333333334,594.09094
2020-12-03 15:00:00,594.5296999999999,604.568
2020-12-03 18:00:00,588.1661333333333,608.91113
2020-12-03 21:00:00,594.2869999999999,603.54083
2020-12-04 00:00:00,582.7694,608.7223
2020-12-04 03:00:00,573.5376333333334,596.5704
2020-12-04 06:00:00,568.5330333333333,586.87933
2020-12-04 09:00:00,544.7972666666666,583.7263
2020-12-04 12:00:00,541.5577,560.1158
2020-12-04 15:00:00,540.8457333333333,556.0959
2020-12-04 18:00:00,532.9722333333333,559.434
2020-12-04 21:00:00,524.1722,546.81854
2020-12-05 00:00:00,526.5837,538.66656
2020-12-05 03:00:00,530.4488666666666,542.18353
2020-12-05 06:00:00,532.5986666666666,547.8706
2020-12-05 09:00:00,527.2036333333334,549.70355
2020-12-05 12:00:00,525.2162666666667,544.3554
2020-12-05 15:00:00,526.6774333333333,540.85333
2020-12-05 18:00:00,521.8345666666667,543.51917
2020-12-05 21:00:00,534.6077,536.0546
2020-12-06 00:00:00,525.7345,550.9465
2020-12-06 03:00:00,523.2951999999999,543.2286
2020-12-06 06:00:00,515.161,540.72107
2020-12-06 09:00:00,513.3978,531.092
2020-12-06 12:00:00,515.1579,531.3502
2020-12-06 15:00:00,522.7889666666666,535.7923
2020-12-06 18:00:00,526.7907333333334,541.0076
2020-12-06 21:00:00,526.9146,543.8111
2020-12-07 00:00:00,525.2412333333333,545.5596
2020-12-07 03:00:00,527.1308,543.91736
2020-12-07 06:00:00,518.2527333333334,545.3896
2020-12-07 09:00:00,517.1469000000001,537.5087
2020-12-07 12:00:00,515.4295000000001,536.6866
2020-12-07 15:00:00,513.9629333333334,532.2123
2020-12-07 18:00:00,515.4463000000001,532.4871
2020-12-07 21:00:00,519.1555,535.1489
2020-12-08 00:00:00,519.8698,539.4822
2020-12-08 03:00:00,517.2893666666668,539.71356
2020-12-08 06:00:00,509.0361,535.6991
2020-12-08 09:00:00,507.88526666666667,525.97473
2020-12-08 12:00:00,505.3922333333333,525.95105
2020-12-08 15:00:00,505.14093333333335,522.6955
2020-12-08 18:00:00,499.43236666666667,520.5223
2020-12-08 21:00:00,499.2975,514.931
2020-12-09 00:00:00,494.03129999999993,514.5483
2020-12-09 03:00:00,486.87553333333335,511.91684
2020-12-09 06:00:00,488.5615333333333,504.85535
2020-12-09 09:00:00,496.9934666666666,507.7843
2020-12-09 12:00:00,491.12696666666665,515.6675
2020-12-09 15:00:00,489.76973333333336,509.27356
2020-12-09 18:00:00,498.26236666666665,505.62006
2020-12-09 21:00:00,506.86193333333335,512.93555
2020-12-10 00:00:00,500.806,525.7321
2020-12-10 03:00:00,503.54759999999993,514.65094
2020-12-10 06:00:00,501.3922,521.1114
2020-12-10 09:00:00,498.66426666666666,515.0095
2020-12-10 12:00:00,512.3750333333334,512.91113
2020-12-10 15:00:00,520.9942333333332,524.3931
2020-12-10 18:00:00,525.1219666666667,533.0529
2020-12-10 21:00:00,512.3444333333333,541.5215
2020-12-11 00:00:00,513.5848,528.0187
2020-12-11 03:00:00,509.90973333333335,531.64825
2020-12-11 06:00:00,508.0873,528.40454
2020-12-11 09:00:00,511.2207,524.95734
2020-12-11 12:00:00,515.0665,529.567
2020-12-11 15:00:00,505.7855666666667,534.50397
2020-12-11 18:00:00,508.16336666666666,523.01697
2020-12-11 21:00:00,511.6703333333333,526.187
2020-12-12 00:00:00,517.0772666666667,524.74677
2020-12-12 03:00:00,520.3802000000001,537.67633
2020-12-12 06:00:00,520.6296333333333,539.0956
2020-12-12 09:00:00,516.1167666666666,538.73047
2020-12-12 12:00:00,506.8823666666667,535.73975
2020-12-12 15:00:00,512.6205333333334,524.93207
2020-12-12 18:00:00,512.0162,530.87524
2020-12-12 21:00:00,516.7739666666666,529.61487
2020-12-13 00:00:00,513.8982,534.77167
2020-12-13 03:00:00,522.3546,532.19763
2020-12-13 06:00:00,524.8078,540.33466
2020-12-13 09:00:00,524.1825666666667,544.30005
2020-12-13 12:00:00,526.3386,543.4779
2020-12-13 15:00:00,528.4977333333334,543.96124
2020-12-13 18:00:00,524.8176,545.7759
2020-12-13 21:00:00,523.7810666666666,542.74567
2020-12-14 00:00:00,526.5931333333333,542.04065
2020-12-14 03:00:00,530.5377333333334,545.35254
2020-12-14 06:00:00,534.4358000000001,547.871
2020-12-14 09:00:00,532.4975,552.9112
2020-12-14 12:00:00,532.1958333333333,549.0563
2020-12-14 15:00:00,534.8721666666667,548.3586
2020-12-14 18:00:00,536.861,551.06903
2020-12-14 21:00:00,539.4479666666666,553.2357
2020-12-15 00:00:00,536.4066333333334,558.0277
2020-12-15 03:00:00,532.9978666666667,555.3569
2020-12-15 06:00:00,532.2635666666666,553.92786
2020-12-15 09:00:00,537.4480666666667,553.2956
2020-12-15 12:00:00,535.619,557.4665
2020-12-15 15:00:00,539.5272,556.14734
2020-12-15 18:00:00,539.3598666666667,555.9659
2020-12-15 21:00:00,526.4076333333334,553.7695
2020-12-16 00:00:00,523.1928666666666,537.9561
2020-12-16 03:00:00,519.5238333333333,535.7821
2020-12-16 06:00:00,520.4278,533.73846
2020-12-16 09:00:00,520.2740333333333,541.34863
2020-12-16 12:00:00,530.0587333333333,546.9462
2020-12-16 15:00:00,533.5729,546.2019
2020-12-16 18:00:00,536.2448,550.4937
2020-12-16 21:00:00,542.8937999999999,550.3894
2020-12-17 00:00:00,540.6718,558.0347
2020-12-17 03:00:00,540.0890666666668,555.9104
2020-12-17 06:00:00,540.2189666666667,558.14343
2020-12-17 09:00:00,552.8244666666667,555.71027
2020-12-17 12:00:00,553.5073333333333,564.94916
2020-12-17 15:00:00,541.2133,566.5224
2020-12-17 18:00:00,538.2600333333334,554.5204
2020-12-17 21:00:00,537.6724333333333,554.65656
2020-12-18 00:00:00,542.2829333333333,555.0781
2020-12-18 03:00:00,539.5059333333334,557.6883
2020-12-18 06:00:00,552.6457333333334,554.75714
2020-12-18 09:00:00,554.6032666666666,566.9243
2020-12-18 12:00:00,549.2612666666668,569.0582
2020-12-18 15:00:00,560.8125666666667,563.4937
2020-12-18 18:00:00,565.7360666666666,573.8303
2020-12-18 21:00:00,570.6373,576.0068
2020-12-19 00:00:00,579.5289,581.5454
2020-12-19 03:00:00,575.7318666666666,594.04425
2020-12-19 06:00:00,576.8652999999999,591.2558
2020-12-19 09:00:00,574.5652,592.6259
2020-12-19 12:00:00,571.5798333333333,588.64044
2020-12-19 15:00:00,576.0754666666667,584.87885
2020-12-19 18:00:00,577.5727333333333,588.73987
2020-12-19 21:00:00,563.6519333333333,590.655
2020-12-20 00:00:00,563.7483666666667,579.46216
2020-12-20 03:00:00,564.5175333333333,579.6668
2020-12-20 06:00:00,564.6565999999999,580.7498
2020-12-20 09:00:00,560.2185,581.47253
2020-12-20 12:00:00,559.7505666666667,578.1496
2020-12-20 15:00:00,559.2221,578.78864
2020-12-20 18:00:00,551.8696666666666,575.17566
2020-12-20 21:00:00,549.1171,566.65
2020-12-21 00:00:00,549.2072666666667,565.4066
2020-12-21 03:00:00,547.3302,566.087
2020-12-21 06:00:00,530.7333666666667,566.58325
2020-12-21 09:00:00,517.5838666666666,546.9527
2020-12-21 12:00:00,524.5199000000001,535.4111
2020-12-21 15:00:00,528.1131999999999,539.96783
2020-12-21 18:00:00,530.9389,544.8167
2020-12-21 21:00:00,526.0043666666667,548.1978
2020-12-22 00:00:00,531.3165666666666,540.5593
2020-12-22 03:00:00,527.6952666666667,547.7716
2020-12-22 06:00:00,532.5285333333334,541.4808
2020-12-22 09:00:00,538.2876,546.7731
2020-12-22 12:00:00,540.1918999999999,552.2641
2020-12-22 15:00:00,543.2595333333334,554.87665
2020-12-22 18:00:00,544.6407666666667,554.1838
2020-12-22 21:00:00,547.0018,557.97473
2020-12-23 00:00:00,539.9193666666666,560.18536
2020-12-23 03:00:00,533.4684,557.5683
2020-12-23 06:00:00,532.0771333333333,552.2973
2020-12-23 09:00:00,526.6005,547.69147
2020-12-23 12:00:00,522.8973,543.9442
2020-12-23 15:00:00,526.0982,538.8841
2020-12-23 18:00:00,514.4808666666667,543.4761
2020-12-23 21:00:00,513.5317333333332,526.9141
2020-12-24 00:00:00,505.2753333333333,527.6804
2020-12-24 03:00:00,504.4439666666667,522.8756
2020-12-24 06:00:00,511.1097,522.42725
2020-12-24 09:00:00,518.4430333333333,531.9737
2020-12-24 12:00:00,518.2001333333334,536.18243
2020-12-24 15:00:00,516.7025666666667,535.9973
2020-12-24 18:00:00,521.3914,533.81354
2020-12-24 21:00:00,526.0575666666667,539.0887
2020-12-25 00:00:00,521.0023,543.89874
2020-12-25 03:00:00,532.3128333333333,539.9877
2020-12-25 06:00:00,550.6257333333333,543.8615
2020-12-25 09:00:00,548.3611333333333,567.96423
2020-12-25 12:00:00,533.8145,566.35046
2020-12-25 15:00:00,532.2455,552.1112
2020-12-25 18:00:00,532.1952333333332,550.9575
2020-12-25 21:00:00,535.3367999999999,553.5358
2020-12-26 00:00:00,535.6655000000001,554.183
2020-12-26 03:00:00,533.1099,555.1434
2020-12-26 06:00:00,530.1731333333333,551.937
2020-12-26 09:00:00,530.4538333333334,545.6506
2020-12-26 12:00:00,534.4276,549.02167
2020-12-26 15:00:00,543.2891333333333,549.83185
2020-12-26 18:00:00,546.0850666666666,558.37335
2020-12-26 21:00:00,547.5798666666667,557.23126
2020-12-27 00:00:00,555.4837666666667,559.1393
2020-12-27 03:00:00,555.1207333333333,568.7115
2020-12-27 06:00:00,545.4391999999999,568.95264
2020-12-27 09:00:00,539.6485333333334,559.622
2020-12-27 12:00:00,566.7078,552.39575
2020-12-27 15:00:00,567.3647666666667,580.20526
2020-12-27 18:00:00,564.7742666666667,579.5924
2020-12-27 21:00:00,578.1269666666667,576.0116
2020-12-28 00:00:00,579.0198333333333,590.0761
2020-12-28 03:00:00,583.8898333333333,584.82556
2020-12-28 06:00:00,594.6933333333333,590.95483
2020-12-28 09:00:00,582.3795333333334,605.04553
2020-12-28 12:00:00,585.1143666666667,591.0943
2020-12-28 15:00:00,589.5287,597.6159
2020-12-28 18:00:00,584.5121666666668,601.1774
2020-12-28 21:00:00,577.9867666666667,592.8751
2020-12-29 00:00:00,562.5603,586.7564
2020-12-29 03:00:00,560.3636666666666,573.8421
2020-12-29 06:00:00,570.2421,572.42395
2020-12-29 09:00:00,575.0066,578.7673
2020-12-29 12:00:00,564.3875666666667,581.88855
2020-12-29 15:00:00,568.6122333333334,575.942
2020-12-29 18:00:00,564.27,585.4168
2020-12-29 21:00:00,567.8693666666667,577.11847
2020-12-30 00:00:00,569.9649666666667,578.21106
2020-12-30 03:00:00,576.2243666666667,580.1128
2020-12-30 06:00:00,564.9148666666666,586.0407
2020-12-30 09:00:00,558.3826,580.1323
2020-12-30 12:00:00,563.4249333333333,575.2541
2020-12-30 15:00:00,563.6430999999999,582.4015
2020-12-30 18:00:00,571.9834666666667,576.1321
2020-12-30 21:00:00,571.1898666666667,585.6119
2020-12-31 00:00:00,566.3578333333334,580.6308
2020-12-31 03:00:00,572.2887333333333,580.5123
2020-12-31 06:00:00,576.0806666666667,586.37775
2020-12-31 09:00:00,570.4345333333333,591.36957
2020-12-31 12:00:00,568.6909,581.656
2020-12-31 15:00:00,577.7928666666667,584.8713
2020-12-31 18:00:00,582.8649666666666,594.6776
2020-12-31 21:00:00,591.729875,597.96204
2021-01-01 00:00:00,596.0225999999999,606.90094
2021-01-01 03:00:00,594.2958666666667,612.1258
2021-01-01 06:00:00,595.7844666666666,609.3002
2021-01-01 09:00:00,597.6229999999999,611.3914
2021-01-01 12:00:00,592.0424666666667,613.2465
2021-01-01 15:00:00,579.9611666666666,602.3015
2021-01-01 18:00:00,578.9669666666666,594.20935
2021-01-01 21:00:00,578.377,591.4308
2021-01-02 00:00:00,583.2158,590.9615
2021-01-02 03:00:00,588.2201333333334,597.0633
2021-01-02 06:00:00,582.6654,602.854
2021-01-02 09:00:00,595.6246,598.4503
2021-01-02 12:00:00,613.9223333333333,606.9393
2021-01-02 15:00:00,607.1989,626.44617
2021-01-02 18:00:00,603.5924666666666,618.7522
2021-01-02 21:00:00,620.2918333333333,614.94806
2021-01-03 00:00:00,643.9014999999999,631.7113
2021-01-03 03:00:00,648.4618,653.8369
2021-01-03 06:00:00,657.1952333333332,659.18677
2021-01-03 09:00:00,665.2364666666667,669.5144
2021-01-03 12:00:00,687.8835,672.29865
2021-01-03 15:00:00,670.8983333333333,698.8217
2021-01-03 18:00:00,675.5774,679.75055
2021-01-03 21:00:00,675.6422333333334,684.9545
2021-01-04 00:00:00,693.8719333333333,681.2388
2021-01-04 03:00:00,717.8897333333333,698.7394
2021-01-04 06:00:00,668.5333999999999,721.27484
2021-01-04 09:00:00,672.4339666666666,679.78796
2021-01-04 12:00:00,684.0441000000001,681.8185
2021-01-04 15:00:00,682.1093666666667,688.74054
2021-01-04 18:00:00,677.8574333333332,688.24603
2021-01-04 21:00:00,702.6139666666667,682.71796
2021-01-05 00:00:00,681.0582333333333,707.6746
2021-01-05 03:00:00,667.1659666666667,686.6124
2021-01-05 06:00:00,687.2408666666666,672.2383
2021-01-05 09:00:00,698.5242333333332,691.304
2021-01-05 12:00:00,715.4692333333334,704.9058
2021-01-05 15:00:00,736.4016666666666,719.5574
2021-01-05 18:00:00,758.0487666666668,733.7709
2021-01-05 21:00:00,758.5688999999999,755.8927
2021-01-06 00:00:00,765.0266333333334,754.44293
2021-01-06 03:00:00,794.5081,764.939
2021-01-06 06:00:00,808.3758333333334,785.59955
2021-01-06 09:00:00,844.8757333333333,796.8107
2021-01-06 12:00:00,906.8509,826.31274
2021-01-06 15:00:00,1053.3785,859.62256
2021-01-06 18:00:00,1039.7121666666665,838.79913
2021-01-06 21:00:00,1069.9582666666668,960.1369
2021-01-07 00:00:00,1119.1044,974.42896
2021-01-07 03:00:00,1102.3760333333332,1024.584
2021-01-07 06:00:00,1070.7181333333335,1000.74524
2021-01-07 09:00:00,1066.0281000000002,979.6822
2021-01-07 12:00:00,1108.1476333333333,980.3
2021-01-07 15:00:00,1070.1785,1003.5608
2021-01-07 18:00:00,1092.8281333333334,969.33417
2021-01-07 21:00:00,1048.1108666666669,985.1527
2021-01-08 00:00:00,1023.3853666666668,963.9711
2021-01-08 03:00:00,1074.6677666666667,952.00433
2021-01-08 06:00:00,1101.4148,975.82947
2021-01-08 09:00:00,1108.6239666666668,996.96155
2021-01-08 12:00:00,1073.1734666666669,998.5402
2021-01-08 15:00:00,1021.4273666666668,973.53973
2021-01-08 18:00:00,1010.9579,938.2946
2021-01-08 21:00:00,1047.3564333333334,949.2088
2021-01-09 00:00:00,1081.472166666667,955.9349
2021-01-09 03:00:00,1061.7941,979.91077
2021-01-09 06:00:00,1098.9637999999998,971.9136
2021-01-09 09:00:00,1160.233,1004.53375
2021-01-09 12:00:00,1282.9167333333332,1029.4255
2021-01-09 15:00:00,1441.6186,1094.3486
2021-01-09 18:00:00,1501.9532,1268.3646
2021-01-09 21:00:00,1672.2961333333333,1306.514
2021-01-10 00:00:00,1766.1465,1408.4524
2021-01-10 03:00:00,1869.5749666666668,1490.2048
2021-01-10 06:00:00,1764.4051333333334,1570.3638
2021-01-10 09:00:00,1722.7951333333333,1484.0372
2021-01-10 12:00:00,1683.6773999999998,1442.0807
2021-01-10 15:00:00,1586.5299666666667,1418.3225
2021-01-10 18:00:00,1542.2274666666665,1358.301
2021-01-10 21:00:00,1440.6849000000002,1308.701
2021-01-11 00:00:00,1345.9954333333333,1240.7952
2021-01-11 03:00:00,1311.5435333333337,1181.8193
2021-01-11 06:00:00,1403.7743666666663,1147.0646
2021-01-11 09:00:00,1297.6134,1191.4292
2021-01-11 12:00:00,1198.192,1130.9038
2021-01-11 15:00:00,1177.6632,1086.057
2021-01-11 18:00:00,1256.5848666666666,1050.0219
2021-01-11 21:00:00,1375.9035666666666,1120.2863
2021-01-12 00:00:00,1392.8464333333334,1189.3413
2021-01-12 03:00:00,1564.2885666666668,1224.2506
2021-01-12 06:00:00,1504.2024333333331,1346.2233
2021-01-12 09:00:00,1439.6432666666667,1270.0431
2021-01-12 12:00:00,1442.819066666667,1221.0793
2021-01-12 15:00:00,1526.2421000000002,1242.4648
2021-01-12 18:00:00,1523.9690666666663,1299.1632
2021-01-12 21:00:00,1431.7685333333332,1291.841
2021-01-13 00:00:00,1419.6833,1231.754
2021-01-13 03:00:00,1445.3229,1217.2661
2021-01-13 06:00:00,1465.6144666666669,1237.7144
2021-01-13 09:00:00,1470.6856333333333,1249.8369
2021-01-13 12:00:00,1505.9253,1250.6367
2021-01-13 15:00:00,1521.6687333333332,1277.0576
2021-01-13 18:00:00,1533.970833333333,1281.9094
2021-01-13 21:00:00,1542.832,1289.8202
2021-01-14 00:00:00,1507.0312,1302.5667
2021-01-14 03:00:00,1521.6326666666666,1274.6073
2021-01-14 06:00:00,1529.1976666666667,1286.1696
2021-01-14 09:00:00,1529.6494666666667,1288.3391
2021-01-14 12:00:00,1541.9946666666667,1289.2092
2021-01-14 15:00:00,1651.6539333333333,1295.9019
2021-01-14 18:00:00,1582.8225333333332,1388.0337
2021-01-14 21:00:00,1602.241166666667,1338.0928
2021-01-15 00:00:00,1576.3191333333332,1341.8049
2021-01-15 03:00:00,1553.2078333333332,1322.8151
2021-01-15 06:00:00,1572.7465,1309.573
2021-01-15 09:00:00,1543.2027666666663,1325.9174
2021-01-15 12:00:00,1455.8147,1301.856
2021-01-15 15:00:00,1459.7416666666668,1245.602
2021-01-15 18:00:00,1479.8017666666667,1250.4473
2021-01-15 21:00:00,1495.0495666666666,1259.5095
2021-01-16 00:00:00,1499.4299,1267.5981
2021-01-16 03:00:00,1517.8174,1275.6721
2021-01-16 06:00:00,1542.7653666666663,1287.2816
2021-01-16 09:00:00,1547.2794333333334,1304.5236
2021-01-16 12:00:00,1567.7200333333333,1312.0509
2021-01-16 15:00:00,1530.778366666667,1332.5795
2021-01-16 18:00:00,1516.8414666666667,1288.4806
2021-01-16 21:00:00,1489.2242333333334,1284.3386
2021-01-17 00:00:00,1477.2861999999998,1263.4718
2021-01-17 03:00:00,1463.5498666666665,1258.3931
2021-01-17 06:00:00,1450.7469333333331,1245.5295
2021-01-17 09:00:00,1453.2995333333336,1239.2882
2021-01-17 12:00:00,1460.0911333333331,1239.5345
2021-01-17 15:00:00,1458.6457333333335,1239.3053
2021-01-17 18:00:00,1470.3366999999998,1246.1217
2021-01-17 21:00:00,1442.4528,1253.3612
2021-01-18 00:00:00,1404.2694333333336,1232.5713
2021-01-18 03:00:00,1430.4356,1205.1031
2021-01-18 06:00:00,1447.0325,1227.4974
2021-01-18 09:00:00,1443.7470999999998,1231.7567
2021-01-18 12:00:00,1422.8763666666666,1226.5607
2021-01-18 15:00:00,1401.4994,1221.8174
2021-01-18 18:00:00,1405.8627333333334,1198.7109
2021-01-18 21:00:00,1423.8266,1198.3562
2021-01-19 00:00:00,1423.4958333333334,1406.3412
2021-01-19 03:00:00,1443.9418666666668,1465.6305
2021-01-19 06:00:00,1495.7956333333332,1439.3958
2021-01-19 09:00:00,1507.2789999999998,1454.2242
2021-01-19 12:00:00,1479.0971,1449.052
2021-01-19 15:00:00,1430.5375666666666,1345.359
2021-01-19 18:00:00,1442.199033333333,1286.3058
2021-01-19 21:00:00,1419.7965000000002,1291.5154
2021-01-20 00:00:00,1398.4682333333333,1260.7965
2021-01-20 03:00:00,1388.1445666666668,1217.9901
2021-01-20 06:00:00,1335.8771666666669,1202.477
2021-01-20 09:00:00,1331.4345,1154.0294
2021-01-20 12:00:00,1338.38,1151.0448
2021-01-20 15:00:00,1366.7212333333334,1160.3981
2021-01-20 18:00:00,1383.3796333333332,1179.3004
2021-01-20 21:00:00,1398.7514333333336,1180.2035
2021-01-21 00:00:00,1348.2901333333334,1195.5077
2021-01-21 03:00:00,1347.6336333333331,1167.4562
2021-01-21 06:00:00,1300.4088333333334,1163.48
2021-01-21 09:00:00,1274.8599333333334,1126.513
2021-01-21 12:00:00,1212.9421666666667,1125.1914
2021-01-21 15:00:00,1229.7836,1068.5065
2021-01-21 18:00:00,1200.2606,1077.5115
2021-01-21 21:00:00,1129.1315333333332,1061.8314
2021-01-22 00:00:00,1196.1385,1018.70386
2021-01-22 03:00:00,1215.6742000000002,1058.8535
2021-01-22 06:00:00,1222.8575666666666,1075.782
2021-01-22 09:00:00,1282.0584,1082.1323
2021-01-22 12:00:00,1333.9637666666667,1135.427
2021-01-22 15:00:00,1406.532866666667,1154.6914
2021-01-22 18:00:00,1386.8258999999998,1212.0233
2021-01-22 21:00:00,1397.1906666666666,1191.3195
2021-01-23 00:00:00,1400.442633333333,1198.9586
2021-01-23 03:00:00,1444.4833666666666,1208.0208
2021-01-23 06:00:00,1435.098,1237.9434
2021-01-23 09:00:00,1384.789266666667,1224.393
2021-01-23 12:00:00,1388.3661999999997,1186.3451
2021-01-23 15:00:00,1400.3231999999998,1191.8015
2021-01-23 18:00:00,1384.8877666666667,1198.2085
2021-01-23 21:00:00,1396.477033333333,1186.0479
2021-01-24 00:00:00,1443.5999333333336,1200.8812
2021-01-24 03:00:00,1442.0684333333336,1237.581
2021-01-24 06:00:00,1441.9412666666667,1230.3782
2021-01-24 09:00:00,1424.9088,1233.3766
2021-01-24 12:00:00,1411.1630333333333,1219.8768
2021-01-24 15:00:00,1430.4717,1208.9987
2021-01-24 18:00:00,1430.6378666666667,1225.7675
2021-01-24 21:00:00,1492.3985999999998,1220.221
2021-01-25 00:00:00,1492.2182666666668,1275.3517
2021-01-25 03:00:00,1482.3896333333334,1269.9307
2021-01-25 06:00:00,1444.2255666666667,1260.3022
2021-01-25 09:00:00,1448.5601,1237.1747
2021-01-25 12:00:00,1433.2946000000002,1239.4102
2021-01-25 15:00:00,1404.4461333333336,1225.474
2021-01-25 18:00:00,1382.5318333333337,1202.9607
2021-01-25 21:00:00,1396.7863666666665,1188.6199
2021-01-26 00:00:00,1384.5655666666669,1200.9554
2021-01-26 03:00:00,1366.3773,1194.1571
2021-01-26 06:00:00,1371.6782666666666,1180.7991
2021-01-26 09:00:00,1346.5757,1184.6886
2021-01-26 12:00:00,1344.2198999999998,1168.4153
2021-01-26 15:00:00,1409.4470666666668,1163.0201
2021-01-26 18:00:00,1430.829966666667,1206.7302
2021-01-26 21:00:00,1447.6268333333337,1232.7542
2021-01-27 00:00:00,1397.7132666666666,1240.6652
2021-01-27 03:00:00,1387.7371333333333,1204.2325
2021-01-27 06:00:00,1356.9976,1194.5496
2021-01-27 09:00:00,1337.27,1178.5028
2021-01-27 12:00:00,1350.767833333333,1158.3378
2021-01-27 15:00:00,1334.554666666667,1166.633
2021-01-27 18:00:00,1371.6035333333332,1157.362
2021-01-27 21:00:00,1340.5107333333333,1186.7654
2021-01-28 00:00:00,1375.8725000000002,1157.2808
2021-01-28 03:00:00,1386.515,1183.9082
2021-01-28 06:00:00,1387.1641333333334,1192.0787
2021-01-28 09:00:00,1403.5479333333333,1193.6774
2021-01-28 12:00:00,1423.2784666666666,1208.4258
2021-01-28 15:00:00,1410.5817333333332,1211.9388
2021-01-28 18:00:00,1417.1798333333334,1211.1326
2021-01-28 21:00:00,1411.9428333333333,1210.78
2021-01-29 00:00:00,1406.8039666666666,1210.7904
2021-01-29 03:00:00,1389.6379333333332,1200.3688
2021-01-29 06:00:00,1410.7865,1193.1393
2021-01-29 09:00:00,1438.6135666666669,1201.7363
2021-01-29 12:00:00,1406.5197333333333,1218.5963
2021-01-29 15:00:00,1373.6985333333334,1192.1716
2021-01-29 18:00:00,1410.0301,1170.5547
2021-01-29 21:00:00,1408.4756,1201.066
2021-01-30 00:00:00,1401.8948,1207.7139
2021-01-30 03:00:00,1418.590866666667,1196.2462
2021-01-30 06:00:00,1427.2309666666667,1215.69
2021-01-30 09:00:00,1430.6847666666663,1215.3795
2021-01-30 12:00:00,1463.1901333333333,1222.9803
2021-01-30 15:00:00,1506.6836666666668,1243.7974
2021-01-30 18:00:00,1599.3972333333334,1287.9164
2021-01-30 21:00:00,1575.9416333333336,1344.3396
2021-01-31 00:00:00,1532.7243666666666,1321.6304
2021-01-31 03:00:00,1520.8491666666669,1297.3822
2021-01-31 06:00:00,1489.1815666666669,1286.5388
2021-01-31 09:00:00,1496.8085,1261.3314
2021-01-31 12:00:00,1448.1755,1265.707
2021-01-31 15:00:00,1461.1485666666667,1238.8915
2021-01-31 18:00:00,1481.8451999999995,1242.3044
2021-01-31 21:00:00,1458.3717,1257.9965
2021-02-01 00:00:00,1478.8531,1244.3787
2021-02-01 03:00:00,1479.7094,1250.787
2021-02-01 06:00:00,1477.3181000000002,1255.358
2021-02-01 09:00:00,1469.8578,1256.0043
2021-02-01 12:00:00,1462.2069,1249.6304
2021-02-01 15:00:00,1466.2763666666667,1239.528
2021-02-01 18:00:00,1475.5855666666666,1242.3724
2021-02-01 21:00:00,1477.2861333333333,1256.185
2021-02-02 00:00:00,1512.4898,1263.9761
2021-02-02 03:00:00,1539.3904333333332,1287.5312
2021-02-02 06:00:00,1579.0961333333337,1304.3893
2021-02-02 09:00:00,1607.5898666666665,1333.3691
2021-02-02 12:00:00,1691.7454333333333,1391.9237
2021-02-02 15:00:00,1735.818,1449.9106
2021-02-02 18:00:00,1713.188,1456.8893
2021-02-02 21:00:00,1694.7496,1439.6997
2021-02-03 00:00:00,1695.9207,1434.7904
2021-02-03 03:00:00,1692.1672,1428.2601
2021-02-03 06:00:00,1667.3048666666666,1421.8723
2021-02-03 09:00:00,1673.9661666666664,1402.0223
2021-02-03 12:00:00,1703.1639000000002,1399.459
2021-02-03 15:00:00,1723.4107666666666,1416.8527
2021-02-03 18:00:00,1728.6382999999998,1439.5377
2021-02-03 21:00:00,1779.3229333333336,1431.7041
2021-02-04 00:00:00,1734.430333333333,1479.6704
2021-02-04 03:00:00,1745.7637666666667,1444.1332
2021-02-04 06:00:00,1713.9516,1449.2224
2021-02-04 09:00:00,1713.6958000000002,1434.0859
2021-02-04 12:00:00,1725.0049666666666,1425.8749
2021-02-04 15:00:00,1925.3163333333328,1452.9479
2021-02-04 18:00:00,2200.7378666666664,1621.5121
2021-02-04 21:00:00,2169.0371666666665,1818.1793
2021-02-05 00:00:00,2261.860533333333,1761.8058
2021-02-05 03:00:00,2359.806633333333,1839.0377
2021-02-05 06:00:00,2289.7831666666666,1896.9363
2021-02-05 09:00:00,2446.576333333333,1837.0133
2021-02-05 12:00:00,2897.8172,1952.1777
2021-02-05 15:00:00,2765.2213333333334,2291.783
2021-02-05 18:00:00,2804.728333333333,2179.7026
2021-02-05 21:00:00,2564.4762333333333,2203.3618
2021-02-06 00:00:00,2425.8337333333334,2051.4941
2021-02-06 03:00:00,2548.5505,1945.0281
2021-02-06 06:00:00,2693.6066000000005,2042.6091
2021-02-06 09:00:00,2588.8499666666667,2133.6677
2021-02-06 12:00:00,2536.3957,2048.2769
2021-02-06 15:00:00,2584.5489,2014.4249
2021-02-06 18:00:00,2591.4409666666666,2042.4525
2021-02-06 21:00:00,2512.7412333333336,2054.2373
2021-02-07 00:00:00,2436.4039666666663,2001.1345
2021-02-07 03:00:00,2459.7373666666667,1952.1699
2021-02-07 06:00:00,2554.424333333333,1966.5677
2021-02-07 09:00:00,2490.9346666666665,2029.2551
2021-02-07 12:00:00,2371.1046,1969.6785
2021-02-07 15:00:00,2395.654633333333,1892.418
2021-02-07 18:00:00,2443.5788666666667,1917.1448
2021-02-07 21:00:00,2448.2946666666667,1947.7076
2021-02-08 00:00:00,2605.2845,1966.9712
2021-02-08 03:00:00,2623.1952333333334,2084.0566
2021-02-08 06:00:00,2588.816233333333,2080.873
2021-02-08 09:00:00,2542.2007666666664,2054.0168
2021-02-08 12:00:00,2576.7125666666666,2023.409
2021-02-08 15:00:00,2562.315866666667,2011.5024
2021-02-08 18:00:00,2521.2215,2016.7644
2021-02-08 21:00:00,2490.2451333333333,1993.651
2021-02-09 00:00:00,2529.6105666666667,1975.4424
2021-02-09 03:00:00,2552.2669,2004.0765
2021-02-09 06:00:00,2537.3858,2022.8455
2021-02-09 09:00:00,2490.1651,1991.3953
2021-02-09 12:00:00,2511.2914,1964.5542
2021-02-09 15:00:00,2546.7613333333334,1998.7592
2021-02-09 18:00:00,2589.2557666666667,2021.7334
2021-02-09 21:00:00,2593.327,2063.7468
2021-02-10 00:00:00,2630.550933333333,2058.9304
2021-02-10 03:00:00,2652.2271,2082.7493
2021-02-10 06:00:00,2632.306833333333,2105.1716
2021-02-10 09:00:00,2512.3871,2085.7664
2021-02-10 12:00:00,2434.9446000000003,1951.0826
2021-02-10 15:00:00,2511.527833333333,1912.3928
2021-02-10 18:00:00,2488.9933333333333,1993.8823
2021-02-10 21:00:00,2487.8813333333333,1986.2843
2021-02-11 00:00:00,2501.3212333333336,1989.3065
2021-02-11 03:00:00,2497.9303333333337,1988.7836
2021-02-11 06:00:00,2509.9485333333337,1978.0548
2021-02-11 09:00:00,2551.1501000000003,1994.5184
2021-02-11 12:00:00,2561.9049,2022.8219
2021-02-11 15:00:00,2575.7647666666667,2024.7048
2021-02-11 18:00:00,2504.745433333333,2039.2465
2021-02-11 21:00:00,2567.428933333333,1997.6011
2021-02-12 00:00:00,2548.8739666666665,2038.3956
2021-02-12 03:00:00,2594.9764333333333,2024.3589
2021-02-12 06:00:00,2610.8247,2055.4114
2021-02-12 09:00:00,2640.104766666667,2063.382
2021-02-12 12:00:00,2642.984133333333,2084.3716
2021-02-12 15:00:00,2783.271,2086.4954
2021-02-12 18:00:00,2746.921,2194.7083
2021-02-12 21:00:00,2741.047466666667,2169.0723
2021-02-13 00:00:00,2764.715166666667,2170.0818
2021-02-13 03:00:00,2684.5914666666667,2181.8687
2021-02-13 06:00:00,2647.570866666667,2118.4358
2021-02-13 09:00:00,2619.6631,2098.7566
2021-02-13 12:00:00,2665.3619333333336,2080.3816
2021-02-13 15:00:00,2614.4041,2115.2239
2021-02-13 18:00:00,2631.1519,2076.8054
2021-02-13 21:00:00,2622.1367000000005,2089.9175
2021-02-14 00:00:00,2587.6361666666667,2084.4333
2021-02-14 03:00:00,2589.2563333333333,2061.5059
2021-02-14 06:00:00,2577.6383,2058.5781
2021-02-14 09:00:00,2605.732766666667,2050.4087
2021-02-14 12:00:00,2530.129666666667,2080.8533
2021-02-14 15:00:00,2520.4229,2025.8807
2021-02-14 18:00:00,2559.2287,2011.1543
2021-02-14 21:00:00,2490.5608666666667,2039.9633
2021-02-15 00:00:00,2327.1837,2008.2147
2021-02-15 03:00:00,2383.759433333333,1876.7963
2021-02-15 06:00:00,2402.628666666666,1921.9673
2021-02-15 09:00:00,2473.4805999999994,1939.561
2021-02-15 12:00:00,2488.3533,1982.048
2021-02-15 15:00:00,2537.1021,1985.869
2021-02-15 18:00:00,2523.830166666667,2029.3269
2021-02-15 21:00:00,2487.092133333333,2010.2988
2021-02-16 00:00:00,2532.8482666666664,1984.1626
2021-02-16 03:00:00,2536.1917333333336,2022.2731
2021-02-16 06:00:00,2534.9888,2026.2478
2021-02-16 09:00:00,2516.6744,2015.0537
2021-02-16 12:00:00,2504.2687333333333,2010.9678
2021-02-16 15:00:00,2478.6925333333334,2010.1864
2021-02-16 18:00:00,2460.718933333333,1979.8882
2021-02-16 21:00:00,2479.749,1974.1843
2021-02-17 00:00:00,2430.7864,1981.986
2021-02-17 03:00:00,2432.530166666667,1940.9043
2021-02-17 06:00:00,2505.497233333333,1946.0222
2021-02-17 09:00:00,2510.425733333333,1999.2435
2021-02-17 12:00:00,2506.482933333333,2011.2272
2021-02-17 15:00:00,2549.5335333333337,1991.0363
2021-02-17 18:00:00,2585.120033333333,2022.766
2021-02-17 21:00:00,2625.440133333333,2072.87
2021-02-18 00:00:00,2680.5332,2112.858
2021-02-18 03:00:00,2653.193366666667,2181.3577
2021-02-18 06:00:00,2616.7914666666666,2139.934
2021-02-18 09:00:00,2623.0766,2094.5095
2021-02-18 12:00:00,2582.308033333333,2109.226
2021-02-18 15:00:00,2597.9728333333337,2089.0918
2021-02-18 18:00:00,2641.4867666666664,2059.1174
2021-02-18 21:00:00,2620.6229,2091.5215
2021-02-19 00:00:00,2546.3229,2077.708
2021-02-19 03:00:00,2532.581333333333,2020.6987
2021-02-19 06:00:00,2571.300733333333,2006.424
2021-02-19 09:00:00,2592.0872,2040.5498
2021-02-19 12:00:00,2540.0093333333334,2044.473
2021-02-19 15:00:00,2557.9470333333334,1994.5612
2021-02-19 18:00:00,2538.8544333333334,2019.6388
2021-02-19 21:00:00,2540.1066333333333,2051.4834
2021-02-20 00:00:00,2582.214033333333,2046.4039
2021-02-20 03:00:00,2642.0785,2067.673
2021-02-20 06:00:00,2786.2752333333333,2099.9834
2021-02-20 09:00:00,2919.529,2206.6323
2021-02-20 12:00:00,2821.4464000000003,2288.1484
2021-02-20 15:00:00,2787.387166666667,2225.6187
2021-02-20 18:00:00,2686.211566666667,2192.3384
2021-02-20 21:00:00,2631.4876666666664,2121.8591
2021-02-21 00:00:00,2639.5627333333337,2086.8955
2021-02-21 03:00:00,2664.374033333333,2091.1758
2021-02-21 06:00:00,2689.8240333333333,2104.854
2021-02-21 09:00:00,2677.9803666666667,2119.8494
2021-02-21 12:00:00,2668.4957666666664,2110.7153
2021-02-21 15:00:00,2662.1262,2103.261
2021-02-21 18:00:00,2598.0722333333338,2093.9653
2021-02-21 21:00:00,2581.1571333333336,2050.9995
2021-02-22 00:00:00,2530.382133333333,2045.0833
2021-02-22 03:00:00,2549.245433333333,2005.42
2021-02-22 06:00:00,2475.425333333333,1999.9304
2021-02-22 09:00:00,2363.2049,1969.1444
2021-02-22 12:00:00,2305.188966666667,1906.0535
2021-02-22 15:00:00,2297.9882666666667,1844.9165
2021-02-22 18:00:00,2379.8623,1835.3347
2021-02-22 21:00:00,2340.4021666666667,1898.4242
2021-02-23 00:00:00,2184.205266666667,1869.7491
2021-02-23 03:00:00,2071.8194666666664,1761.459
2021-02-23 06:00:00,1920.6330666666663,1683.5487
2021-02-23 09:00:00,1980.2655666666667,1576.9102
2021-02-23 12:00:00,2076.0004000000004,1621.431
2021-02-23 15:00:00,2000.6009,1680.1002
2021-02-23 18:00:00,2135.3939333333333,1623.463
2021-02-23 21:00:00,2249.7896333333333,1735.851
2021-02-24 00:00:00,2352.7569,1807.7402
2021-02-24 03:00:00,2302.6951000000004,1882.2662
2021-02-24 06:00:00,2373.724733333333,1840.8925
2021-02-24 09:00:00,2365.667266666667,1893.5867
2021-02-24 12:00:00,2337.7515,1889.6443
2021-02-24 15:00:00,2310.468833333333,1867.0432
2021-02-24 18:00:00,2220.0008000000003,1844.6814
2021-02-24 21:00:00,2255.7551,1792.5497
2021-02-25 00:00:00,2220.1374666666666,1812.0319
2021-02-25 03:00:00,2250.7794333333336,1786.4602
2021-02-25 06:00:00,2227.159266666667,1800.378
2021-02-25 09:00:00,2286.416366666667,1784.042
2021-02-25 12:00:00,2256.6512666666663,1829.85
2021-02-25 15:00:00,2185.1751333333336,1804.223
2021-02-25 18:00:00,2105.9088666666667,1758.1389
2021-02-25 21:00:00,1999.5873666666664,1704.9973
2021-02-26 00:00:00,2009.9633,1630.12
2021-02-26 03:00:00,1942.2036,1637.4337
2021-02-26 06:00:00,2002.9741666666669,1590.3011
2021-02-26 09:00:00,2025.925433333333,1624.7417
2021-02-26 12:00:00,2090.7928333333334,1638.1024
2021-02-26 15:00:00,2053.4622666666664,1687.837
2021-02-26 18:00:00,1938.711633333333,1668.1656
2021-02-26 21:00:00,2010.2043,1585.6554
2021-02-27 00:00:00,1999.7979333333333,1634.6289
2021-02-27 03:00:00,2022.286033333333,1631.5276
2021-02-27 06:00:00,1994.5338333333327,1638.2083
2021-02-27 09:00:00,2027.969466666667,1623.2101
2021-02-27 12:00:00,2006.8083666666669,1646.5964
2021-02-27 15:00:00,2052.1115666666665,1635.2557
2021-02-27 18:00:00,2039.095633333333,1657.8639
2021-02-27 21:00:00,1975.714433333333,1649.1758
2021-02-28 00:00:00,1887.7024,1607.7166
2021-02-28 03:00:00,1841.877966666667,1550.3217
2021-02-28 06:00:00,1883.1722,1509.6033
2021-02-28 09:00:00,1871.482166666667,1546.4965
2021-02-28 12:00:00,1850.7935666666665,1531.1443
2021-02-28 15:00:00,1912.0686666666668,1516.3833
2021-02-28 18:00:00,2016.6481,1551.6102
2021-02-28 21:00:00,2100.799566666667,1644.6146
2021-03-01 00:00:00,2149.1437,1712.1094
2021-03-01 03:00:00,2134.671,1754.2391
2021-03-01 06:00:00,2208.1844666666666,1728.8169
2021-03-01 09:00:00,2214.6293,1781.4316
2021-03-01 12:00:00,2233.000433333333,1811.5721
2021-03-01 15:00:00,2172.2446,1814.7296
2021-03-01 18:00:00,2147.935,1754.0635
2021-03-01 21:00:00,2185.299,1739.5947
2021-03-02 00:00:00,2191.3685333333333,1754.8872
2021-03-02 03:00:00,2199.851466666667,1764.2242
2021-03-02 06:00:00,2242.5734,1762.2573
2021-03-02 09:00:00,2243.9785666666667,1790.193
2021-03-02 12:00:00,2201.9652,1796.5765
2021-03-02 15:00:00,2132.8676333333333,1794.8947
2021-03-02 18:00:00,2130.5952,1727.9596
2021-03-02 21:00:00,2196.302733333333,1729.224
2021-03-03 00:00:00,2240.042033333333,1773.1383
2021-03-03 03:00:00,2255.6811666666667,1801.2311
2021-03-03 06:00:00,2323.4712,1805.4165
2021-03-03 09:00:00,2330.4888,1863.2094
2021-03-03 12:00:00,2295.5256666666664,1867.3231
2021-03-03 15:00:00,2295.634133333333,1917.2974
2021-03-03 18:00:00,2224.4716666666664,1856.2114
2021-03-03 21:00:00,2213.8176333333336,1799.4395
2021-03-04 00:00:00,2159.044066666667,1797.5966
2021-03-04 03:00:00,2165.829133333333,1750.1359
2021-03-04 06:00:00,2152.5495333333333,1757.0583
2021-03-04 09:00:00,2165.5559,1745.1044
2021-03-04 12:00:00,2178.874566666667,1758.4359
2021-03-04 15:00:00,2090.841366666667,1766.5763
2021-03-04 18:00:00,2111.7038666666663,1699.1599
2021-03-04 21:00:00,2110.4299333333333,1707.2208
2021-03-05 00:00:00,2075.2424,1707.4103
2021-03-05 03:00:00,2097.1256333333336,1684.2815
2021-03-05 06:00:00,2088.6204,1694.1055
2021-03-05 09:00:00,2119.969333333333,1641.7434
2021-03-05 12:00:00,2098.2194,1626.0078
2021-03-05 15:00:00,2124.359466666667,1655.4277
2021-03-05 18:00:00,2108.7690666666667,1706.3802
2021-03-05 21:00:00,2076.886233333333,1685.4758
2021-03-06 00:00:00,2069.5474,1642.0065
2021-03-06 03:00:00,2111.882633333333,1679.8541
2021-03-06 06:00:00,2118.9485,1686.5083
2021-03-06 09:00:00,2094.959733333333,1694.8019
2021-03-06 12:00:00,2190.0650666666666,1687.5662
2021-03-06 15:00:00,2264.8519333333334,1750.1306
2021-03-06 18:00:00,2258.0618,1793.5859
2021-03-06 21:00:00,2232.537733333333,1785.8726
2021-03-07 00:00:00,2215.2912666666666,1786.6451
2021-03-07 03:00:00,2202.4893666666667,1776.8091
2021-03-07 06:00:00,2208.823366666667,1763.4407
2021-03-07 09:00:00,2205.2273,1786.8655
2021-03-07 12:00:00,2198.879433333333,1781.3601
2021-03-07 15:00:00,2208.5930000000003,1774.8069
2021-03-07 18:00:00,2219.0276,1775.6017
2021-03-07 21:00:00,2241.8584,1763.3828
2021-03-08 00:00:00,2205.3956000000003,1799.178
2021-03-08 03:00:00,2196.2260666666666,1773.735
2021-03-08 06:00:00,2101.029,1765.2544
2021-03-08 09:00:00,2105.3185000000003,1699.1968
2021-03-08 12:00:00,2125.6348000000003,1710.9187
2021-03-08 15:00:00,2139.446933333333,1736.0443
2021-03-08 18:00:00,2163.3187666666668,1742.2279
2021-03-08 21:00:00,2180.3811,1753.6232
2021-03-09 00:00:00,2187.405033333333,1760.0815
2021-03-09 03:00:00,2184.156466666667,1769.1007
2021-03-09 06:00:00,2213.702233333333,1759.268
2021-03-09 09:00:00,2220.8324,1787.6398
2021-03-09 12:00:00,2221.264366666667,1786.3853
2021-03-09 15:00:00,2239.4407666666666,1787.5897
2021-03-09 18:00:00,2244.015566666667,1793.1007
2021-03-09 21:00:00,2274.2876333333334,1794.926
2021-03-10 00:00:00,2207.818566666667,1820.5446
2021-03-10 03:00:00,2219.7093666666665,1784.8528
2021-03-10 06:00:00,2214.8991,1822.946
2021-03-10 09:00:00,2211.4053666666664,1832.6729
2021-03-10 12:00:00,2262.1485666666667,1813.457
2021-03-10 15:00:00,2258.6867,1824.743
2021-03-10 18:00:00,2286.903466666666,1833.7781
2021-03-10 21:00:00,2215.474333333333,1836.1254
2021-03-11 00:00:00,2195.166733333333,1784.3348
2021-03-11 03:00:00,2168.8215666666665,1765.0022
2021-03-11 06:00:00,2137.005733333333,1748.582
2021-03-11 09:00:00,2189.6235,1732.9769
2021-03-11 12:00:00,2212.5650333333333,1796.3234
2021-03-11 15:00:00,2220.5411666666664,1808.8176
2021-03-11 18:00:00,2247.1206,1790.5812
2021-03-11 21:00:00,2244.4620666666665,1807.7955
2021-03-12 00:00:00,2235.0083666666665,1802.1663
2021-03-12 03:00:00,2215.0540666666666,1799.3048
2021-03-12 06:00:00,2208.2767666666664,1786.1848
2021-03-12 09:00:00,2163.1891666666666,1782.0452
2021-03-12 12:00:00,2199.112333333333,1729.1437
2021-03-12 15:00:00,2171.6406,1766.9785
2021-03-12 18:00:00,2121.7694,1753.6921
2021-03-12 21:00:00,2117.1781666666666,1706.0323
2021-03-13 00:00:00,2122.1208,1704.8031
2021-03-13 03:00:00,2122.5034,1710.628
2021-03-13 06:00:00,2140.0892000000003,1710.735
2021-03-13 09:00:00,2192.488533333333,1722.596
2021-03-13 12:00:00,2211.271166666667,1752.6864
2021-03-13 15:00:00,2202.401933333333,1765.695
2021-03-13 18:00:00,2184.3266666666664,1778.7893
2021-03-13 21:00:00,2149.6866666666665,1762.1667
2021-03-14 00:00:00,2145.182,1725.5751
2021-03-14 03:00:00,2144.6249000000003,1733.1743
2021-03-14 06:00:00,2151.7069333333334,1724.6469
2021-03-14 09:00:00,2170.6457,1730.9235
2021-03-14 12:00:00,2129.3542,1747.6699
2021-03-14 15:00:00,2127.1734,1709.8953
2021-03-14 18:00:00,2103.0279666666665,1712.091
2021-03-14 21:00:00,2069.1967333333337,1693.431
2021-03-15 00:00:00,2079.6943333333334,1668.299
2021-03-15 03:00:00,2010.0386,1688.203
2021-03-15 06:00:00,1980.4788666666664,1632.9601
2021-03-15 09:00:00,2011.4467666666667,1608.7744
2021-03-15 12:00:00,2003.9341,1637.6941
2021-03-15 15:00:00,2027.7845,1737.5562
2021-03-15 18:00:00,2033.2954666666667,1674.1576
2021-03-15 21:00:00,1977.9445,1664.7086
2021-03-16 00:00:00,2022.9023333333328,1640.0438
2021-03-16 03:00:00,2053.829533333333,1669.3711
2021-03-16 06:00:00,2097.651566666667,1667.3196
2021-03-16 09:00:00,2056.4093,1687.8378
2021-03-16 12:00:00,2044.5149333333327,1649.3872
2021-03-16 15:00:00,2027.3807666666664,1649.0156
2021-03-16 18:00:00,2039.2328333333328,1651.8197
2021-03-16 21:00:00,2072.1280666666667,1665.1924
2021-03-17 00:00:00,2072.515033333333,1672.8165
2021-03-17 03:00:00,2094.2629333333334,1686.6074
2021-03-17 06:00:00,2056.504833333333,1691.7845
2021-03-17 09:00:00,2082.6332666666663,1653.5796
2021-03-17 12:00:00,2132.227666666667,1667.6796
2021-03-17 15:00:00,2144.093533333333,1703.4023
2021-03-17 18:00:00,2126.0032333333334,1730.9015
2021-03-17 21:00:00,2121.619666666667,1687.7897
2021-03-18 00:00:00,2136.839166666666,1702.3448
2021-03-18 03:00:00,2132.8809666666666,1722.6246
2021-03-18 06:00:00,2147.2364,1717.847
2021-03-18 09:00:00,2145.347333333333,1716.227
2021-03-18 12:00:00,2137.331333333333,1710.7804
2021-03-18 15:00:00,2145.730266666667,1707.0173
2021-03-18 18:00:00,2123.5191,1705.057
2021-03-18 21:00:00,2106.6754333333333,1704.3732
2021-03-19 00:00:00,2087.0023333333334,1693.9424
2021-03-19 03:00:00,2098.4990999999995,1680.6489
2021-03-19 06:00:00,2105.5091,1691.5792
2021-03-19 09:00:00,2110.8168,1694.7999
2021-03-19 12:00:00,2093.0226,1722.9158
2021-03-19 15:00:00,2100.886633333333,1685.4115
2021-03-19 18:00:00,2114.271,1675.2578
2021-03-19 21:00:00,2118.4574666666667,1697.3105
2021-03-20 00:00:00,2135.8620333333333,1680.3926
2021-03-20 03:00:00,2132.705066666667,1718.8723
2021-03-20 06:00:00,2147.1853333333333,1717.3754
2021-03-20 09:00:00,2167.2562000000003,1728.5721
2021-03-20 12:00:00,2201.532266666667,1737.2008
2021-03-20 15:00:00,2206.5249666666664,1760.6444
2021-03-20 18:00:00,2174.1704,1770.1215
2021-03-20 21:00:00,2137.0625,1747.3815
2021-03-21 00:00:00,2111.522166666666,1722.6362
2021-03-21 03:00:00,2119.752833333333,1706.2821
2021-03-21 06:00:00,2120.552266666666,1711.8402
2021-03-21 09:00:00,2098.3418,1713.8503
2021-03-21 12:00:00,2098.0439666666666,1694.0966
2021-03-21 15:00:00,2107.7574333333337,1695.4465
2021-03-21 18:00:00,2102.508,1697.0172
2021-03-21 21:00:00,2069.0223333333333,1764.3074
2021-03-22 00:00:00,2091.3091333333336,1675.3809
2021-03-22 03:00:00,2104.729233333333,1696.1014
2021-03-22 06:00:00,2082.2704,1702.4542
2021-03-22 09:00:00,2064.9361000000004,1684.069
2021-03-22 12:00:00,2069.2323,1661.7046
2021-03-22 15:00:00,2056.1247666666663,1690.1146
2021-03-22 18:00:00,1968.107533333333,1658.15
2021-03-22 21:00:00,1980.8126666666667,1603.8735
2021-03-23 00:00:00,1985.3908333333327,1616.8976
2021-03-23 03:00:00,1946.7626,1614.6776
2021-03-23 06:00:00,1945.395166666667,1587.1985
2021-03-23 09:00:00,1935.1692333333333,1584.5743
2021-03-23 12:00:00,1960.2283,1562.4393
2021-03-23 15:00:00,1971.3304,1588.3796
2021-03-23 18:00:00,1987.7934666666667,1596.1539
2021-03-23 21:00:00,2019.6981,1617.1702
2021-03-24 00:00:00,2057.745733333333,1640.9515
2021-03-24 03:00:00,2048.780933333333,1654.2697
2021-03-24 06:00:00,2040.6373,1640.1237
2021-03-24 09:00:00,2015.6155,1655.805
2021-03-24 12:00:00,1987.4798666666663,1664.9009
2021-03-24 15:00:00,1932.3549333333333,1592.7255
2021-03-24 18:00:00,1845.0818333333327,1549.498
2021-03-24 21:00:00,1813.814266666667,1498.6182
2021-03-25 00:00:00,1867.7783,1476.8955
2021-03-25 03:00:00,1904.4723333333327,1523.0875
2021-03-25 06:00:00,1911.8550333333333,1545.6874
2021-03-25 09:00:00,1856.3413333333333,1555.2565
2021-03-25 12:00:00,1853.026933333333,1510.4779
2021-03-25 15:00:00,1880.3032666666668,1514.6509
2021-03-25 18:00:00,1890.9153,1538.6727
2021-03-25 21:00:00,1904.399133333333,1545.759
2021-03-26 00:00:00,1912.0207666666663,1557.9956
2021-03-26 03:00:00,1940.778,1576.2119
2021-03-26 06:00:00,1955.8345333333327,1585.0515
2021-03-26 09:00:00,1945.623733333333,1608.8784
2021-03-26 12:00:00,1951.4059,1597.5853
2021-03-26 15:00:00,1953.8784333333333,1609.0289
2021-03-26 18:00:00,1975.8769,1622.698
2021-03-26 21:00:00,1980.916966666667,1618.0997
2021-03-27 00:00:00,1985.0661333333333,1635.4679
2021-03-27 03:00:00,1988.1819666666668,1638.694
2021-03-27 06:00:00,1988.9759666666664,1645.3182
2021-03-27 09:00:00,1986.0643,1636.9734
2021-03-27 12:00:00,2128.3356333333336,1631.5929
2021-03-27 15:00:00,2163.651333333333,1743.0358
2021-03-27 18:00:00,2162.2663666666667,1736.2098
2021-03-27 21:00:00,2131.0394333333334,1741.4236
2021-03-28 00:00:00,2104.4405,1718.4651
2021-03-28 03:00:00,2085.6769,1700.6289
2021-03-28 06:00:00,2074.5259,1680.2085
2021-03-28 09:00:00,2069.6500333333333,1684.1616
2021-03-28 12:00:00,2097.092866666667,1674.1576
2021-03-28 15:00:00,2055.3576,1701.834
2021-03-28 18:00:00,2036.2576,1662.1499
2021-03-28 21:00:00,2059.665033333333,1647.6405
2021-03-29 00:00:00,2077.2874666666667,1663.0914
2021-03-29 03:00:00,2067.276233333333,1684.286
2021-03-29 06:00:00,2108.6415666666667,1669.5485
2021-03-29 09:00:00,2107.638466666667,1706.2244
2021-03-29 12:00:00,2098.8845333333334,1708.9811
2021-03-29 15:00:00,2109.582,1730.3733
2021-03-29 18:00:00,2089.5770666666667,1722.8318
2021-03-29 21:00:00,2094.9865000000004,1697.2683
2021-03-30 00:00:00,2105.835766666667,1714.8579
2021-03-30 03:00:00,2129.3176333333336,1720.7573
2021-03-30 06:00:00,2138.4256333333337,1735.6788
2021-03-30 09:00:00,2140.592,1738.565
2021-03-30 12:00:00,2120.1103,1751.1467
2021-03-30 15:00:00,2105.0470666666665,1737.4237
2021-03-30 18:00:00,2097.203766666667,1719.3118
2021-03-30 21:00:00,2089.3304000000003,1693.8175
2021-03-31 00:00:00,2080.6856,1704.1995
2021-03-31 03:00:00,2097.38,1697.259
2021-03-31 06:00:00,2049.201966666667,1704.2415
2021-03-31 09:00:00,2070.700933333333,1685.3955
2021-03-31 12:00:00,2087.475733333333,1746.5868
2021-03-31 15:00:00,2092.625833333333,1726.291
2021-03-31 18:00:00,2127.5232333333333,1721.0166
2021-03-31 21:00:00,2122.001,1731.3381
2021-04-01 00:00:00,2175.2037,1724.2421
2021-04-01 03:00:00,2301.362866666667,1790.4844
2021-04-01 06:00:00,2305.6965333333333,1866.3235
2021-04-01 09:00:00,2338.231433333334,1880.6334
2021-04-01 12:00:00,2301.491433333333,1941.7625
2021-04-01 15:00:00,2250.919533333333,1922.6577
2021-04-01 18:00:00,2283.6005,1822.4725
2021-04-01 21:00:00,2303.804633333333,1840.4452
2021-04-02 00:00:00,2417.4154666666664,1861.8273
2021-04-02 03:00:00,2525.5389,1956.451
2021-04-02 06:00:00,2495.504966666667,2019.686
2021-04-02 09:00:00,2434.9562333333333,1997.53
2021-04-02 12:00:00,2429.4038333333333,1945.8381
2021-04-02 15:00:00,2441.4269,1930.9451
2021-04-02 18:00:00,2489.4505000000004,1951.7822
2021-04-02 21:00:00,2525.7857,1990.1699
2021-04-03 00:00:00,2544.1640666666667,2020.7449
2021-04-03 03:00:00,2478.3297,2032.1198
2021-04-03 06:00:00,2407.7318666666665,1984.5964
2021-04-03 09:00:00,2408.8738,1928.2572
2021-04-03 12:00:00,2345.594833333333,1929.9603
2021-04-03 15:00:00,2278.2223666666664,1887.6665
2021-04-03 18:00:00,2253.0990666666667,1841.1884
2021-04-03 21:00:00,2248.069833333333,1816.5505
2021-04-04 00:00:00,2286.1023,1811.8835
2021-04-04 03:00:00,2304.372233333333,1844.4219
2021-04-04 06:00:00,2321.921233333333,1855.1587
2021-04-04 09:00:00,2269.248333333333,1869.8274
2021-04-04 12:00:00,2282.396366666667,1834.4523
2021-04-04 15:00:00,2287.5408,1844.2026
2021-04-04 18:00:00,2275.9564333333333,1839.1056
2021-04-04 21:00:00,2305.5402,1831.9247
2021-04-05 00:00:00,2285.715966666666,1850.3586
2021-04-05 03:00:00,2214.1621333333337,1842.7588
2021-04-05 06:00:00,2247.6729333333333,1790.3948
2021-04-05 09:00:00,2290.7682666666665,1809.6798
2021-04-05 12:00:00,2332.8895666666667,1846.1394
2021-04-05 15:00:00,2354.417633333333,1866.0115
2021-04-05 18:00:00,2332.609633333333,1882.7909
2021-04-05 21:00:00,2331.404666666667,1866.8353
2021-04-06 00:00:00,2315.075033333333,1869.5898
2021-04-06 03:00:00,2314.9247666666665,1854.751
2021-04-06 06:00:00,2233.926033333333,1858.3422
2021-04-06 09:00:00,2261.1065,1801.8567
2021-04-06 12:00:00,2223.1140333333333,1814.6182
2021-04-06 15:00:00,2245.0772333333334,1793.0508
2021-04-06 18:00:00,2263.5245666666665,1800.2225
2021-04-06 21:00:00,2310.624466666666,1816.8228
2021-04-07 00:00:00,2313.3123333333338,1849.1064
2021-04-07 03:00:00,2276.416466666667,1848.8761
2021-04-07 06:00:00,2162.4887000000003,1826.2684
2021-04-07 09:00:00,2101.9102,1748.6665
2021-04-07 12:00:00,2100.3200333333334,1706.7023
2021-04-07 15:00:00,2066.865333333333,1706.8181
2021-04-07 18:00:00,2110.1719,1680.0184
2021-04-07 21:00:00,2121.4463666666666,1703.842
2021-04-08 00:00:00,2146.035566666667,1714.7406
2021-04-08 03:00:00,2170.722566666667,1734.3802
2021-04-08 06:00:00,2109.3726333333334,1746.3763
2021-04-08 09:00:00,2119.3872,1706.2904
2021-04-08 12:00:00,2180.0273666666667,1715.8104
2021-04-08 15:00:00,2203.919033333333,1758.3783
2021-04-08 18:00:00,2202.408733333333,1771.6971
2021-04-08 21:00:00,2222.5132,1766.9823
2021-04-09 00:00:00,2195.953666666667,1791.2188
2021-04-09 03:00:00,2187.7288666666664,1767.1512
2021-04-09 06:00:00,2201.9875,1764.2198
2021-04-09 09:00:00,2245.0901,1785.3512
2021-04-09 12:00:00,2221.0524666666665,1802.894
2021-04-09 15:00:00,2231.688633333333,1798.7864
2021-04-09 18:00:00,2202.794433333333,1788.7513
2021-04-09 21:00:00,2216.2017333333333,1768.0293
2021-04-10 00:00:00,2283.306,1782.3114
2021-04-10 03:00:00,2312.383433333333,1842.3041
2021-04-10 06:00:00,2307.4602666666665,1853.9052
2021-04-10 09:00:00,2297.2367666666664,1849.4269
2021-04-10 12:00:00,2262.2017666666666,1841.9402
2021-04-10 15:00:00,2224.7342000000003,1841.038
2021-04-10 18:00:00,2202.235166666667,1789.469
2021-04-10 21:00:00,2225.466733333333,1768.7145
2021-04-11 00:00:00,2216.706866666667,1794.2577
2021-04-11 03:00:00,2206.7165666666665,1791.4434
2021-04-11 06:00:00,2227.330566666667,1781.5917
2021-04-11 09:00:00,2227.650633333333,1789.7732
2021-04-11 12:00:00,2233.902133333333,1800.5221
2021-04-11 15:00:00,2262.3945,1799.551
2021-04-11 18:00:00,2264.908133333334,1819.13
2021-04-11 21:00:00,2294.9322666666667,1812.6392
2021-04-12 00:00:00,2305.5383333333334,1838.9869
2021-04-12 03:00:00,2316.992366666667,1845.5886
2021-04-12 06:00:00,2317.278066666667,1856.9423
2021-04-12 09:00:00,2334.3913,1851.0887
2021-04-12 12:00:00,2454.1358,1876.242
2021-04-12 15:00:00,2567.7083666666663,1970.289
2021-04-12 18:00:00,2640.5210666666667,2044.2697
2021-04-12 21:00:00,2652.9192666666668,2096.3442
2021-04-13 00:00:00,2588.8305,2106.3772
2021-04-13 03:00:00,2493.2638,2070.8767
2021-04-13 06:00:00,2490.997333333333,1990.5688
2021-04-13 09:00:00,2477.9054666666666,1994.4236
2021-04-13 12:00:00,2532.3687666666665,1970.901
2021-04-13 15:00:00,2556.8360666666667,2014.3711
2021-04-13 18:00:00,2568.341866666667,2031.098
2021-04-13 21:00:00,2576.3769,2038.3071
2021-04-14 00:00:00,2615.8497,2040.9861
2021-04-14 03:00:00,2594.5387333333333,2082.1943
2021-04-14 06:00:00,2568.989133333333,2056.6318
2021-04-14 09:00:00,2622.1601666666666,2035.4539
2021-04-14 12:00:00,2616.308366666666,2069.6462
2021-04-14 15:00:00,2575.4596333333334,2069.7625
2021-04-14 18:00:00,2621.9323,2031.3723
2021-04-14 21:00:00,2729.3817000000004,2075.177
2021-04-15 00:00:00,2819.612766666666,2150.9934
2021-04-15 03:00:00,2911.2750666666666,2211.8743
2021-04-15 06:00:00,3016.8663,2270.4368
2021-04-15 09:00:00,3261.6096666666667,2354.2664
2021-04-15 12:00:00,3547.035933333333,2537.627
2021-04-15 15:00:00,3807.8493,2760.8364
2021-04-15 18:00:00,3740.277866666667,2925.0894
2021-04-15 21:00:00,3707.961633333334,2882.7007
2021-04-16 00:00:00,3602.6788333333334,2865.349
2021-04-16 03:00:00,3479.2519,2774.502
2021-04-16 06:00:00,3405.760033333333,2687.1543
2021-04-16 09:00:00,3317.2906333333326,2630.4722
2021-04-16 12:00:00,3431.311933333334,2573.9937
2021-04-16 15:00:00,3502.4570333333336,2664.455
2021-04-16 18:00:00,3458.1599666666666,2704.448
2021-04-16 21:00:00,3462.9769333333334,2677.2874
2021-04-17 00:00:00,3607.0761,2686.3713
2021-04-17 03:00:00,3573.634433333333,2793.0764
2021-04-17 06:00:00,3544.354633333333,2770.09
2021-04-17 09:00:00,3467.290833333333,2742.3494
2021-04-17 12:00:00,3401.9390333333336,2689.8218
2021-04-17 15:00:00,3417.298833333333,2646.3977
2021-04-17 18:00:00,3430.1145999999994,2644.714
2021-04-17 21:00:00,3254.3079999999995,2661.361
2021-04-18 00:00:00,3070.658633333334,2533.338
2021-04-18 03:00:00,3100.6057,2381.9907
2021-04-18 06:00:00,3031.5930000000003,2421.3699
2021-04-18 09:00:00,2979.9230666666663,2363.025
2021-04-18 12:00:00,3136.0959000000003,2341.1929
2021-04-18 15:00:00,3135.7552333333333,2437.7837
2021-04-18 18:00:00,3259.765266666667,2437.488
2021-04-18 21:00:00,3353.6844333333333,2527.2634
2021-04-19 00:00:00,3593.668866666667,2600.3767
2021-04-19 03:00:00,3578.705033333333,2774.8743
2021-04-19 06:00:00,3483.1234,2769.294
2021-04-19 09:00:00,3507.8037333333336,2691.0554
2021-04-19 12:00:00,3326.4831,2713.2432
2021-04-19 15:00:00,3692.7152,2582.841
2021-04-19 18:00:00,3683.2733666666654,2866.5337
2021-04-19 21:00:00,3408.8795333333333,2837.6096
2021-04-20 00:00:00,3368.9356,2645.0623
2021-04-20 03:00:00,3270.2798666666663,2614.149
2021-04-20 06:00:00,3392.229633333334,2543.7576
2021-04-20 09:00:00,3469.852666666667,2631.175
2021-04-20 12:00:00,3385.9466,2686.3635
2021-04-20 15:00:00,3476.8129000000004,2629.7046
2021-04-20 18:00:00,3482.162366666667,2689.23
2021-04-20 21:00:00,3483.1219,2700.4458
2021-04-21 00:00:00,3587.5376,2703.7732
2021-04-21 03:00:00,3595.700233333333,2769.9229
2021-04-21 06:00:00,3513.5383,2771.0935
2021-04-21 09:00:00,3593.7068,2715.4854
2021-04-21 12:00:00,3850.240166666667,2779.5771
2021-04-21 15:00:00,4118.264766666667,2980.8745
2021-04-21 18:00:00,3968.0731666666666,3155.2202
2021-04-21 21:00:00,4288.747033333333,3049.8203
2021-04-22 00:00:00,4300.736099999999,3294.794
2021-04-22 03:00:00,4727.019800000001,3301.1555
2021-04-22 06:00:00,4736.1032000000005,3600.5513
2021-04-22 09:00:00,4553.433,3608.1262
2021-04-22 12:00:00,4498.5974,3482.1743
2021-04-22 15:00:00,4296.613733333334,3444.7031
2021-04-22 18:00:00,4097.220333333334,3275.3135
2021-04-22 21:00:00,4152.347866666666,3132.7593
2021-04-23 00:00:00,3708.78,3193.1807
2021-04-23 03:00:00,3387.7803666666664,2858.0916
2021-04-23 06:00:00,3723.400266666666,2624.8115
2021-04-23 09:00:00,3984.5676,2878.6514
2021-04-23 12:00:00,4151.539966666667,3057.0784
2021-04-23 15:00:00,4102.3733,3193.7104
2021-04-23 18:00:00,4032.7803333333336,3144.161
2021-04-23 21:00:00,3919.088166666667,3091.4844
2021-04-24 00:00:00,3934.8878333333337,3015.0571
2021-04-24 03:00:00,3914.406,3028.872
2021-04-24 06:00:00,3778.1629666666654,3006.2183
2021-04-24 09:00:00,3730.7668,2913.4324
2021-04-24 12:00:00,3832.031966666667,2898.5867
2021-04-24 15:00:00,3907.021766666666,2958.5933
2021-04-24 18:00:00,4063.4007,3001.2183
2021-04-24 21:00:00,4046.465133333333,3116.0757
2021-04-25 00:00:00,3877.691733333333,3111.9155
2021-04-25 03:00:00,3830.8801666666654,2996.2146
2021-04-25 06:00:00,3897.976233333333,2949.366
2021-04-25 09:00:00,4009.635833333333,3002.4053
2021-04-25 12:00:00,3970.785566666667,3081.051
2021-04-25 15:00:00,3850.892633333333,3067.5566
2021-04-25 18:00:00,3716.2302,2971.7712
2021-04-25 21:00:00,3927.6487,2872.1777
2021-04-26 00:00:00,3979.784833333333,3034.223
2021-04-26 03:00:00,4071.398766666666,3066.7021
2021-04-26 06:00:00,4032.421266666666,3125.6667
2021-04-26 09:00:00,4018.816566666667,3095.6694
2021-04-26 12:00:00,3967.1033,3089.5955
2021-04-26 15:00:00,4020.5538,3036.582
2021-04-26 18:00:00,3933.8696,3081.7922
2021-04-26 21:00:00,4100.625333333333,3019.4736
2021-04-27 00:00:00,4211.086833333334,3147.3677
2021-04-27 03:00:00,4356.395733333334,3225.7214
2021-04-27 06:00:00,4476.293933333333,3328.095
2021-04-27 09:00:00,4424.726466666667,3421.095
2021-04-27 12:00:00,4497.339333333333,3380.2776
2021-04-27 15:00:00,4435.555433333334,3425.8523
2021-04-27 18:00:00,4503.7482,3379.8853
2021-04-27 21:00:00,4568.594133333333,3427.4526
2021-04-28 00:00:00,4409.5101,3475.1897
2021-04-28 03:00:00,4288.978166666667,3367.5588
2021-04-28 06:00:00,4262.620033333334,3294.3723
2021-04-28 09:00:00,4369.941233333334,3264.4087
2021-04-28 12:00:00,4401.123533333334,3330.585
2021-04-28 15:00:00,4527.2027,3365.4387
2021-04-28 18:00:00,4454.7208,3454.4026
2021-04-28 21:00:00,4319.460099999999,3394.659
2021-04-29 00:00:00,4211.800566666667,3303.776
2021-04-29 03:00:00,4323.1112,3223.4685
2021-04-29 06:00:00,4350.775966666667,3300.136
2021-04-29 09:00:00,4288.4357666666665,3312.1907
2021-04-29 12:00:00,4270.511166666666,3271.9197
2021-04-29 15:00:00,4180.383966666666,3280.4941
2021-04-29 18:00:00,4208.991633333333,3205.382
2021-04-29 21:00:00,4176.054366666666,3231.14
2021-04-30 00:00:00,4159.415066666667,3208.2544
2021-04-30 03:00:00,4222.2187,3193.9534
2021-04-30 06:00:00,4245.683566666667,3238.1125
2021-04-30 09:00:00,4236.588166666667,3249.7979
2021-04-30 12:00:00,4260.236233333333,3238.715
2021-04-30 15:00:00,4305.946133333334,3275.2117
2021-04-30 18:00:00,4311.860466666666,3298.3047
2021-04-30 21:00:00,4366.5498333333335,3297.704
2021-05-01 00:00:00,4428.651666666668,3335.3015
2021-05-01 03:00:00,4478.570500000001,3393.0486
2021-05-01 06:00:00,4606.2618,3424.6875
2021-05-01 09:00:00,4741.0438,3517.4937
2021-05-01 12:00:00,4804.9104,3604.8613
2021-05-01 15:00:00,4954.456866666667,3668.868
2021-05-01 18:00:00,4828.8512,3782.8132
2021-05-01 21:00:00,4754.878966666667,3681.146
2021-05-02 00:00:00,4667.5648,3626.787
2021-05-02 03:00:00,4760.736166666667,3561.2302
2021-05-02 06:00:00,4901.772000000001,3626.8308
2021-05-02 09:00:00,4892.6047,3735.2388
2021-05-02 12:00:00,5006.414533333334,3732.605
2021-05-02 15:00:00,4929.930566666667,3826.4229
2021-05-02 18:00:00,4911.798900000001,3751.8257
2021-05-02 21:00:00,5107.603766666666,3739.7954
2021-05-03 00:00:00,5487.572433333334,3888.8462
2021-05-03 03:00:00,5559.8537,4154.763
2021-05-03 06:00:00,5520.327966666667,4220.858
2021-05-03 09:00:00,5375.0554,4176.512
2021-05-03 12:00:00,5599.3391,4053.9382
2021-05-03 15:00:00,5736.410500000001,4200.465
2021-05-03 18:00:00,6057.567133333333,4292.0522
2021-05-03 21:00:00,5640.2249,4537.6313
2021-05-04 00:00:00,5528.513266666666,4248.4927
2021-05-04 03:00:00,5768.598066666666,4174.4414
2021-05-04 06:00:00,5787.6659666666665,4315.5503
2021-05-04 09:00:00,5820.780666666667,4314.2817
2021-05-04 12:00:00,5302.476833333333,4337.9155
2021-05-04 15:00:00,5457.657166666667,3982.7622
2021-05-04 18:00:00,5450.404933333333,4080.7979
2021-05-04 21:00:00,5324.3169,4099.8057
2021-05-05 00:00:00,5277.2666,4018.234
2021-05-05 03:00:00,5249.411233333333,3986.574
2021-05-05 06:00:00,5405.674666666667,3949.3599
2021-05-05 09:00:00,5360.282633333333,4033.316
2021-05-05 12:00:00,5370.4912,4034.6548
2021-05-05 15:00:00,5398.977666666667,4075.7493
2021-05-05 18:00:00,5336.464533333333,4090.5022
2021-05-05 21:00:00,5370.9305,4061.4458
2021-05-06 00:00:00,5310.403666666667,4088.5137
2021-05-06 03:00:00,5231.460933333333,4045.2908
2021-05-06 06:00:00,5129.249466666666,3988.6274
2021-05-06 09:00:00,5226.0071,3900.3264
2021-05-06 12:00:00,5224.989,3974.584
2021-05-06 15:00:00,5113.792333333334,3973.9226
2021-05-06 18:00:00,5107.234233333334,3893.9954
2021-05-06 21:00:00,5067.534666666666,3878.3455
2021-05-07 00:00:00,4975.9572,3870.6953
2021-05-07 03:00:00,5011.3967,3801.7092
2021-05-07 06:00:00,5059.874,3818.7544
2021-05-07 09:00:00,5065.643266666667,3853.2354
2021-05-07 12:00:00,5116.741000000001,3863.5786
2021-05-07 15:00:00,5200.111933333334,3896.8455
2021-05-07 18:00:00,5127.492666666666,3934.1238
2021-05-07 21:00:00,5107.9049,3876.8203
2021-05-08 00:00:00,5223.004800000001,3876.7659
2021-05-08 03:00:00,5218.759866666666,3963.5344
2021-05-08 06:00:00,5288.9398,3965.7153
2021-05-08 09:00:00,5391.977233333333,4008.118
2021-05-08 12:00:00,5647.443166666667,4091.0007
2021-05-08 15:00:00,5679.612866666667,4257.8247
2021-05-08 18:00:00,5582.980633333333,4288.0527
2021-05-08 21:00:00,5597.539133333333,4208.9336
2021-05-09 00:00:00,5510.255066666668,4216.392
2021-05-09 03:00:00,5445.4831,4166.8906
2021-05-09 06:00:00,5389.554866666666,4115.438
2021-05-09 09:00:00,5161.9353,4077.7117
2021-05-09 12:00:00,5303.1002,3913.8733
2021-05-09 15:00:00,5303.640433333334,3989.1519
2021-05-09 18:00:00,5308.768366666666,3994.5903
2021-05-09 21:00:00,5292.291566666667,4004.1372
2021-05-10 00:00:00,5377.177066666666,3989.4126
2021-05-10 03:00:00,5395.914100000001,4063.4587
2021-05-10 06:00:00,5314.2813,4057.2568
2021-05-10 09:00:00,5339.236366666667,4012.7104
2021-05-10 12:00:00,5291.757566666666,4030.1106
2021-05-10 15:00:00,5128.581533333333,3985.5095
2021-05-10 18:00:00,5024.2243,3857.695
2021-05-10 21:00:00,4930.7608666666665,3796.1567
2021-05-11 00:00:00,4812.334,3730.3093
2021-05-11 03:00:00,4921.340766666667,3669.858
2021-05-11 06:00:00,4977.6002,3735.5308
2021-05-11 09:00:00,4985.625933333334,3774.0598
2021-05-11 12:00:00,5088.842233333334,3778.2017
2021-05-11 15:00:00,5222.663366666667,3849.6091
2021-05-11 18:00:00,5319.4904,3938.2134
2021-05-11 21:00:00,5440.257966666667,4021.3088
2021-05-12 00:00:00,5771.8957,4105.299
2021-05-12 03:00:00,5658.686966666667,4349.8267
2021-05-12 06:00:00,5605.138933333333,4266.2046
2021-05-12 09:00:00,5608.001966666667,4232.0664
2021-05-12 12:00:00,5585.170566666667,4248.288
2021-05-12 15:00:00,5483.058533333334,4213.6685
2021-05-12 18:00:00,5533.361099999999,4140.139
2021-05-12 21:00:00,5039.128066666667,4096.233
2021-05-13 00:00:00,5127.049333333333,3768.3418
2021-05-13 03:00:00,5237.859466666666,3863.8337
2021-05-13 06:00:00,4789.813766666666,3933.8064
2021-05-13 09:00:00,4740.2108333333335,3597.932
2021-05-13 12:00:00,4697.187733333333,3564.8591
2021-05-13 15:00:00,4568.1549,3516.1357
2021-05-13 18:00:00,4669.9709,3438.539
2021-05-13 21:00:00,4847.478833333334,3500.309
2021-05-14 00:00:00,4857.4248333333335,3666.0078
2021-05-14 03:00:00,4918.5807,3690.6392
2021-05-14 06:00:00,5062.041466666667,3732.1187
2021-05-14 09:00:00,5135.844833333334,3830.7249
2021-05-14 12:00:00,5228.3714666666665,3883.0962
2021-05-14 15:00:00,5100.2685,3923.08
2021-05-14 18:00:00,4945.511033333333,3863.8376
2021-05-14 21:00:00,5001.4461,3716.1777
2021-05-15 00:00:00,4999.297166666666,3775.0752
2021-05-15 03:00:00,4898.3755,3712.509
2021-05-15 06:00:00,4853.950833333333,3670.7424
2021-05-15 09:00:00,4889.154066666666,3648.3855
2021-05-15 12:00:00,4827.746666666667,3684.8318
2021-05-15 15:00:00,4704.483966666666,3638.0405
2021-05-15 18:00:00,4760.398133333333,3567.7415
2021-05-15 21:00:00,4683.091233333334,3606.202
2021-05-16 00:00:00,4766.4528,3563.0115
2021-05-16 03:00:00,4811.237400000001,3638.6746
2021-05-16 06:00:00,4846.2004333333325,3660.544
2021-05-16 09:00:00,4762.782166666667,3673.1719
2021-05-16 12:00:00,4656.201266666666,3618.043
2021-05-16 15:00:00,4466.7570000000005,3531.5774
2021-05-16 18:00:00,4345.3555333333325,3344.4692
2021-05-16 21:00:00,4604.124133333334,3267.345
2021-05-17 00:00:00,4412.8484,3490.4915
2021-05-17 03:00:00,4479.560533333333,3341.4893
2021-05-17 06:00:00,4585.056666666666,3387.119
2021-05-17 09:00:00,4600.517166666666,3460.7273
2021-05-17 12:00:00,4344.322933333334,3470.9614
2021-05-17 15:00:00,4342.244733333333,3285.2107
2021-05-17 18:00:00,4344.639233333334,3290.437
2021-05-17 21:00:00,4364.7094,3293.5874
2021-05-18 00:00:00,4633.226633333333,3337.0771
2021-05-18 03:00:00,4870.964533333333,3540.5857
2021-05-18 06:00:00,4951.844033333333,3717.0076
2021-05-18 09:00:00,4886.747833333334,3770.2869
2021-05-18 12:00:00,4798.1268,3709.6982
2021-05-18 15:00:00,4771.7256333333335,3651.222
2021-05-18 18:00:00,4708.064666666667,3617.4404
2021-05-18 21:00:00,4540.140666666666,3575.5886
2021-05-19 00:00:00,4164.989433333333,3459.7717
2021-05-19 03:00:00,4058.6339,3184.8376
2021-05-19 06:00:00,4148.4249,3105.268
2021-05-19 09:00:00,3376.3756,3168.7864
2021-05-19 12:00:00,3925.9359333333327,2577.4495
2021-05-19 15:00:00,3950.6630666666665,3000.0078
2021-05-19 18:00:00,3754.2280666666666,3024.3843
2021-05-19 21:00:00,3316.703633333333,2831.0554
2021-05-20 00:00:00,3526.8909333333336,2518.4695
2021-05-20 03:00:00,3676.3644,2680.0933
2021-05-20 06:00:00,3751.5286,2801.0771
2021-05-20 09:00:00,4044.3171333333335,2884.2449
2021-05-20 12:00:00,4023.6829666666654,3083.2092
2021-05-20 15:00:00,3910.3352333333337,3098.0564
2021-05-20 18:00:00,3998.998366666666,2995.056
2021-05-20 21:00:00,4082.8031,3071.1538
2021-05-21 00:00:00,3974.6648333333337,3132.6602
2021-05-21 03:00:00,3851.598566666667,3064.6992
2021-05-21 06:00:00,3877.8817333333336,2974.3184
2021-05-21 09:00:00,3864.583233333333,2989.6262
2021-05-21 12:00:00,3472.2161666666666,2983.5
2021-05-21 15:00:00,3369.3368666666665,2678.8562
2021-05-21 18:00:00,3046.7523,2585.9434
2021-05-21 21:00:00,3147.9174666666663,2346.1353
2021-05-22 00:00:00,2884.5255666666667,2451.0427
2021-05-22 03:00:00,2676.120666666667,2271.386
2021-05-22 06:00:00,2879.486633333333,2141.2822
2021-05-22 09:00:00,2923.6729333333333,2287.9377
2021-05-22 12:00:00,2854.0381999999995,2299.816
2021-05-22 15:00:00,2756.8254666666667,2262.1934
2021-05-22 18:00:00,2871.9648666666667,2164.4417
2021-05-22 21:00:00,2814.715733333333,2260.1216
2021-05-23 00:00:00,2745.784766666666,2221.2803
2021-05-23 03:00:00,2596.3146333333334,2184.319
2021-05-23 06:00:00,2307.767933333333,2079.71
2021-05-23 09:00:00,2141.3994666666663,1847.654
2021-05-23 12:00:00,2048.871433333333,1743.366
2021-05-23 15:00:00,2204.705133333333,1676.6044
2021-05-23 18:00:00,2683.756966666667,1776.2119
2021-05-23 21:00:00,2860.1606666666667,2127.4766
2021-05-24 00:00:00,3010.4625666666666,2264.2175
2021-05-24 03:00:00,3166.063866666667,2371.0823
2021-05-24 06:00:00,3394.329333333333,2484.6768
2021-05-24 09:00:00,3516.3001333333336,2611.9006
2021-05-24 12:00:00,3642.584566666667,2702.63
2021-05-24 15:00:00,3993.1554,2812.42
2021-05-24 18:00:00,3982.9999,3052.9185
2021-05-24 21:00:00,4105.028766666666,3039.9692
2021-05-25 00:00:00,3782.487966666666,3149.8308
2021-05-25 03:00:00,3784.0937666666655,2917.0586
2021-05-25 06:00:00,3569.959733333333,2913.68
2021-05-25 09:00:00,3491.3697666666667,2795.4421
2021-05-25 12:00:00,3776.3493,2723.6296
2021-05-25 15:00:00,3726.0754,2914.8193
2021-05-25 18:00:00,3786.8691333333336,2870.8171
2021-05-25 21:00:00,3844.8806,2913.137
2021-05-26 00:00:00,3908.372433333333,2957.8389
2021-05-26 03:00:00,3949.5409333333337,3021.2092
2021-05-26 06:00:00,3961.324200000001,3044.672
2021-05-26 09:00:00,3906.0561333333335,3039.2502
2021-05-26 12:00:00,3790.7771,2971.7253
2021-05-26 15:00:00,3779.7043,2904.6733
2021-05-26 18:00:00,3854.2315,2898.1719
2021-05-26 21:00:00,3815.6295666666665,2967.2861
2021-05-27 00:00:00,3678.107433333333,2945.2349
2021-05-27 03:00:00,3731.8981,2851.491
2021-05-27 06:00:00,3770.7821333333336,2899.1458
2021-05-27 09:00:00,3827.0329,2906.5222
2021-05-27 12:00:00,3834.4373,2966.3103
2021-05-27 15:00:00,3763.761366666667,2973.339
2021-05-27 18:00:00,3736.4688,2910.7424
2021-05-27 21:00:00,3668.3866,2882.7446
2021-05-28 00:00:00,3619.5836333333336,2864.1326
2021-05-28 03:00:00,3455.953233333333,2850.3428
2021-05-28 06:00:00,3356.609766666667,2724.954
2021-05-28 09:00:00,3405.2560333333336,2628.376
2021-05-28 12:00:00,3420.621533333333,2656.074
2021-05-28 15:00:00,3367.4947666666667,2696.6707
2021-05-28 18:00:00,3172.787733333333,2617.62
2021-05-28 21:00:00,3317.3604,2449.0032
2021-05-29 00:00:00,3320.698866666666,2584.4697
2021-05-29 03:00:00,3384.4809333333337,2595.1814
2021-05-29 06:00:00,3275.8464666666664,2636.7607
2021-05-29 09:00:00,3247.253,2546.6345
2021-05-29 12:00:00,3135.4571,2529.631
2021-05-29 15:00:00,2969.4245,2459.0017
2021-05-29 18:00:00,3007.0555333333336,2327.7034
2021-05-29 21:00:00,2963.5551333333333,2364.038
2021-05-30 00:00:00,3034.157533333333,2338.334
2021-05-30 03:00:00,3273.4666999999995,2391.218
2021-05-30 06:00:00,3263.890133333334,2548.2092
2021-05-30 09:00:00,3276.550566666667,2557.3137
2021-05-30 12:00:00,3267.5946,2555.3374
2021-05-30 15:00:00,3382.0355,2551.235
2021-05-30 18:00:00,3349.7204333333334,2657.0938
2021-05-30 21:00:00,3257.178866666666,2600.0686
2021-05-31 00:00:00,3223.1865999999995,2549.5305
2021-05-31 03:00:00,3299.0165666666667,2516.6768
2021-05-31 06:00:00,3426.0645333333337,2572.5393
2021-05-31 09:00:00,3457.4251666666664,2668.5486
2021-05-31 12:00:00,3534.318933333333,2687.5974
2021-05-31 15:00:00,3506.9478,2745.345
2021-05-31 18:00:00,3509.896133333333,2705.0535
2021-05-31 21:00:00,3581.6476666666663,2708.6497
2021-06-01 00:00:00,3558.3966333333333,2786.053
2021-06-01 03:00:00,3626.687333333333,2769.1045
2021-06-01 06:00:00,3550.1563,2815.9226
2021-06-01 09:00:00,3643.9543,2757.5967
2021-06-01 12:00:00,3567.696933333333,2860.7136
2021-06-01 15:00:00,3538.9228,2792.276
